t,ground_truth_configuration,ground_truth_configuration_feasibility,baseline_configuration,baseline_configuration_feasibility,ares_configuration,ares_configuration_feasibility,ares_reconfiguration
0,Smart Scale,True,Smart Scale,True,Smart Scale,True,True
1,Smart Scale,True,Smart Scale,True,Smart Scale,True,False
2,Smart Scale,True,Smart Scale,True,Smart Scale,True,False
3,Smart Scale,True,Smart Scale,True,Smart Scale,True,False
4,Smart Scale,True,Smart Scale,True,Smart Scale,True,False
5,Smart Scale,True,Smart Scale,True,Smart Scale,True,False
6,Smart Scale,True,Smart Scale,True,Smart Scale,True,False
7,Smart Scale,True,Smart Scale,True,Smart Scale,True,False
8,Smart Scale,True,Smart Scale,True,Smart Scale,True,False
9,Smart Scale,True,Smart Scale,True,Smart Scale,True,False
10,Smart Scale,True,Smart Scale,True,Smart Scale,True,False
11,Smart Scale,True,Smart Scale,True,Smart Scale,True,False
12,Smart Scale,True,Smart Scale,True,Smart Scale,True,False
13,Smart Scale,True,Smart Scale,True,Smart Scale,True,False
14,Smart Scale,True,Smart Scale,True,Smart Scale,True,False
15,Smart Scale,True,Smart Scale,True,Smart Scale,True,False
16,Smart Scale,True,Smart Scale,True,Smart Scale,True,False
17,Smart Scale,True,Smart Scale,True,Smart Scale,True,False
18,Smart Scale,True,Smart Scale,True,Smart Scale,True,False
19,Smart Scale,True,Smart Scale,True,Smart Scale,True,False
20,Smart Scale,True,Smart Scale,True,Smart Scale,True,False
21,Smart Scale,True,Smart Scale,True,Smart Scale,True,False
22,Smart Scale,True,Smart Scale,True,Smart Scale,True,False
23,Smart Scale,True,Smart Scale,True,Smart Scale,True,False
24,Smart Scale,True,Smart Scale,True,Smart Scale,True,False
25,Smart Scale,True,Smart Scale,True,Smart Scale,True,True
26,Smart Scale,True,Smart Scale,True,Smart Scale,True,False
27,Smart Scale,True,Smart Scale,True,Smart Scale,True,False
28,Smart Scale,True,Smart Scale,True,Smart Scale,True,False
29,Smart Scale,True,Smart Scale,True,Smart Scale,True,False
30,Smart Scale,True,Smart Scale,True,Smart Scale,True,False
31,Smart Scale,True,Smart Scale,True,Smart Scale,True,False
32,Smart Scale,True,Smart Scale,True,Smart Scale,True,False
33,Smart Scale,True,Smart Scale,True,Smart Scale,True,False
34,Smart Scale,True,Smart Scale,True,Smart Scale,True,False
35,Smart Scale,True,Smart Scale,True,Smart Scale,True,False
36,Smart Scale,True,Smart Scale,True,Smart Scale,True,False
37,Smart Scale,True,Smart Scale,True,Smart Scale,True,False
38,Smart Scale,True,Smart Scale,True,Smart Scale,True,False
39,Smart Scale,True,Smart Scale,True,Smart Scale,True,False
40,Smart Scale,True,Smart Scale,True,Smart Scale,True,False
41,Smart Scale,True,Smart Scale,True,Smart Scale,True,False
42,Smart Scale,True,Smart Scale,True,Smart Scale,True,False
43,Smart Scale,True,Smart Scale,True,Smart Scale,True,False
44,Smart Scale,True,Smart Scale,True,Smart Scale,True,False
45,Smart Scale,True,Smart Scale,True,Smart Scale,True,False
46,Smart Scale,True,Smart Scale,True,Smart Scale,True,False
47,Smart Scale,True,Smart Scale,True,Smart Scale,True,False
48,Smart Scale,True,Smart Scale,True,Smart Scale,True,False
49,Smart Scale,True,Smart Scale,True,Smart Scale,True,False
50,Smart Scale,True,Smart Scale,True,Smart Scale,True,True
51,Smart Scale,True,Smart Scale,True,Smart Scale,True,False
52,Smart Scale,True,Smart Scale,True,Smart Scale,True,False
53,Smart Scale,True,Smart Scale,True,Smart Scale,True,False
54,Smart Scale,True,Smart Scale,True,Smart Scale,True,False
55,Smart Scale,True,Smart Scale,True,Smart Scale,True,False
56,Smart Scale,True,Smart Scale,True,Smart Scale,True,False
57,Smart Scale,True,Smart Scale,True,Smart Scale,True,False
58,Smart Scale,True,Smart Scale,True,Smart Scale,True,False
59,Smart Scale,True,Smart Scale,True,Smart Scale,True,False
60,Smart Scale,True,Smart Scale,True,Smart Scale,True,False
61,Smart Scale,True,Smart Scale,True,Smart Scale,True,False
62,Smart Scale,True,Smart Scale,True,Smart Scale,True,False
63,Smart Scale,True,Smart Scale,True,Smart Scale,True,False
64,Smart Scale,True,Smart Scale,True,Smart Scale,True,False
65,Smart Scale,True,Smart Scale,True,Smart Scale,True,False
66,Smart Scale,True,Smart Scale,True,Smart Scale,True,False
67,Smart Scale,True,Smart Scale,True,Smart Scale,True,False
68,Smart Scale,True,Smart Scale,True,Smart Scale,True,False
69,Smart Scale,True,Smart Scale,True,Smart Scale,True,False
70,Smart Scale,True,Smart Scale,True,Smart Scale,True,False
71,Smart Scale,True,Cloud Service,True,Smart Scale,True,False
72,Smart Scale,True,Smart Scale,True,Smart Scale,True,False
73,Smart Scale,True,Smart Scale,True,Smart Scale,True,False
74,Smart Scale,True,Smart Scale,True,Smart Scale,True,False
75,Smart Scale,True,Smart Scale,True,Smart Scale,True,True
76,Smart Scale,True,Smart Scale,True,Smart Scale,True,False
77,Smart Scale,True,Smart Scale,True,Smart Scale,True,False
78,Smart Scale,True,Smart Scale,True,Smart Scale,True,False
79,Smart Scale,True,Smart Scale,True,Smart Scale,True,False
80,Smart Scale,True,Smart Scale,True,Smart Scale,True,False
81,Smart Scale,True,Smart Scale,True,Smart Scale,True,False
82,Smart Scale,True,Smart Scale,True,Smart Scale,True,False
83,Smart Scale,True,Smart Scale,True,Smart Scale,True,False
84,Smart Scale,True,Smart Scale,True,Smart Scale,True,False
85,Smart Scale,True,Smart Scale,True,Smart Scale,True,False
86,Smart Scale,True,Smart Scale,True,Smart Scale,True,False
87,Smart Scale,True,Smart Scale,True,Smart Scale,True,False
88,Smart Scale,True,Smart Scale,True,Smart Scale,True,False
89,Smart Scale,True,Smart Scale,True,Smart Scale,True,False
90,Smart Scale,True,Smart Scale,True,Smart Scale,True,False
91,Smart Scale,True,Smart Scale,True,Smart Scale,True,False
92,Smart Scale,True,Smart Scale,True,Smart Scale,True,False
93,Smart Scale,True,Smart Scale,True,Smart Scale,True,False
94,Smart Scale,True,Smart Scale,True,Smart Scale,True,False
95,Smart Scale,True,Smart Scale,True,Smart Scale,True,False
96,Smart Scale,True,Smart Scale,True,Smart Scale,True,False
97,Smart Scale,True,Smart Scale,True,Smart Scale,True,False
98,Smart Scale,True,Smart Scale,True,Smart Scale,True,False
99,Smart Scale,True,Cloud Service,True,Smart Scale,True,False
100,Smart Scale,True,Smart Scale,True,Smart Scale,True,True
101,Smart Scale,True,Smart Scale,True,Smart Scale,True,False
102,Smart Scale,True,Smart Scale,True,Smart Scale,True,False
103,Smart Scale,True,Smart Scale,True,Smart Scale,True,False
104,Smart Scale,True,Smart Scale,True,Smart Scale,True,False
105,Smart Scale,True,Smart Scale,True,Smart Scale,True,False
106,Smart Scale,True,Cloud Service,True,Smart Scale,True,False
107,Smart Scale,True,Smart Scale,True,Smart Scale,True,False
108,Smart Scale,True,Smart Scale,True,Smart Scale,True,False
109,Smart Scale,True,Smart Scale,True,Smart Scale,True,False
110,Smart Scale,True,Smart Scale,True,Smart Scale,True,False
111,Smart Scale,True,Smart Scale,True,Smart Scale,True,False
112,Smart Scale,True,Smart Scale,True,Smart Scale,True,False
113,Smart Scale,True,Smart Scale,True,Smart Scale,True,False
114,Smart Scale,True,Smart Scale,True,Smart Scale,True,False
115,Smart Scale,True,Smart Scale,True,Smart Scale,True,False
116,Smart Scale,True,Smart Scale,True,Smart Scale,True,False
117,Smart Scale,True,Smart Scale,True,Smart Scale,True,False
118,Smart Scale,True,Smart Scale,True,Smart Scale,True,False
119,Smart Scale,True,Smart Scale,True,Smart Scale,True,False
120,Smart Scale,True,Smart Scale,True,Smart Scale,True,False
121,Smart Scale,True,Smart Scale,True,Smart Scale,True,False
122,Smart Scale,True,Smart Scale,True,Smart Scale,True,False
123,Smart Scale,True,Smart Scale,False,Smart Scale,True,False
124,Smart Scale,True,Smart Scale,False,Smart Scale,True,False
125,Smart Scale,True,Smart Scale,True,Smart Scale,True,True
126,Smart Scale,True,Smart Scale,True,Smart Scale,True,False
127,Smart Scale,True,Smart Scale,True,Smart Scale,True,False
128,Smart Scale,True,Smart Scale,True,Smart Scale,True,False
129,Smart Scale,True,Smart Scale,True,Smart Scale,True,False
130,Smart Scale,True,Manual Input,False,Smart Scale,True,False
131,Smart Scale,True,Smart Scale,True,Smart Scale,True,False
132,Smart Scale,True,Cloud Service,True,Smart Scale,True,False
133,Smart Scale,True,Smart Scale,True,Smart Scale,True,False
134,Smart Scale,True,Smart Scale,False,Smart Scale,True,False
135,Smart Scale,True,Smart Scale,True,Smart Scale,True,False
136,Smart Scale,True,Smart Scale,True,Smart Scale,True,False
137,Smart Scale,True,Smart Scale,True,Smart Scale,True,False
138,Smart Scale,True,Manual Input,False,Smart Scale,True,False
139,Smart Scale,True,Smart Scale,False,Smart Scale,True,False
140,Smart Scale,True,Smart Scale,True,Smart Scale,True,False
141,Smart Scale,True,Smart Scale,True,Smart Scale,True,False
142,Smart Scale,True,Smart Scale,True,Smart Scale,True,False
143,Smart Scale,True,Smart Scale,True,Smart Scale,True,False
144,Smart Scale,True,Smart Scale,True,Smart Scale,True,False
145,Smart Scale,True,Cloud Service,True,Smart Scale,True,False
146,Smart Scale,True,Smart Scale,True,Smart Scale,True,False
147,Smart Scale,True,Smart Scale,True,Smart Scale,True,False
148,Smart Scale,True,Smart Scale,True,Smart Scale,True,False
149,Smart Scale,True,Cloud Service,True,Smart Scale,True,False
150,Smart Scale,True,Smart Scale,True,Smart Scale,True,True
151,Smart Scale,True,Cloud Service,True,Smart Scale,True,False
152,Smart Scale,True,Smart Scale,False,Smart Scale,True,False
153,Smart Scale,True,Smart Scale,True,Smart Scale,True,False
154,Smart Scale,True,Manual Input,False,Smart Scale,True,False
155,Smart Scale,True,Smart Scale,True,Smart Scale,True,False
156,Smart Scale,True,Smart Scale,True,Smart Scale,True,False
157,Smart Scale,True,Cloud Service,True,Smart Scale,True,False
158,Smart Scale,True,Smart Scale,True,Smart Scale,True,False
159,Smart Scale,True,Cloud Service,True,Smart Scale,True,False
160,Smart Scale,True,Cloud Service,True,Smart Scale,True,False
161,Smart Scale,True,Smart Scale,True,Smart Scale,True,False
162,Smart Scale,True,Smart Scale,True,Smart Scale,True,False
163,Smart Scale,True,Smart Scale,True,Smart Scale,True,False
164,Smart Scale,True,Smart Scale,True,Smart Scale,True,False
165,Smart Scale,True,Cloud Service,True,Smart Scale,True,False
166,Smart Scale,True,Smart Scale,False,Smart Scale,True,False
167,Cloud Service,True,Smart Scale,True,Smart Scale,True,False
168,Cloud Service,True,Smart Scale,True,Smart Scale,True,False
169,Cloud Service,True,Smart Scale,True,Smart Scale,True,False
170,Cloud Service,True,Smart Scale,False,Smart Scale,True,False
171,Cloud Service,True,Manual Input,False,Smart Scale,True,False
172,Cloud Service,True,Smart Scale,True,Smart Scale,True,False
173,Cloud Service,True,Cloud Service,True,Smart Scale,True,False
174,Cloud Service,True,Smart Scale,True,Smart Scale,True,False
175,Cloud Service,True,Cloud Service,True,Cloud Service,True,True
176,Cloud Service,True,Cloud Service,True,Cloud Service,True,False
177,Cloud Service,True,Smart Scale,True,Cloud Service,True,False
178,Cloud Service,True,Smart Scale,True,Cloud Service,True,False
179,Cloud Service,True,Cloud Service,True,Cloud Service,True,False
180,Cloud Service,True,Cloud Service,True,Cloud Service,True,False
181,Cloud Service,True,Cloud Service,True,Cloud Service,True,False
182,Cloud Service,True,Manual Input,False,Cloud Service,True,False
183,Cloud Service,True,Smart Scale,False,Cloud Service,True,False
184,Cloud Service,True,Cloud Service,True,Cloud Service,True,False
185,Cloud Service,True,Smart Scale,True,Cloud Service,True,False
186,Cloud Service,True,Smart Scale,True,Cloud Service,True,False
187,Cloud Service,True,Smart Scale,True,Cloud Service,True,False
188,Cloud Service,True,Cloud Service,True,Cloud Service,True,False
189,Cloud Service,True,Smart Scale,True,Cloud Service,True,False
190,Cloud Service,True,Manual Input,False,Cloud Service,True,False
191,Cloud Service,True,Cloud Service,True,Cloud Service,True,False
192,Cloud Service,True,Cloud Service,True,Cloud Service,True,False
193,Cloud Service,True,Cloud Service,True,Cloud Service,True,False
194,Cloud Service,True,Cloud Service,True,Cloud Service,True,False
195,Cloud Service,True,Smart Scale,True,Cloud Service,True,False
196,Cloud Service,True,Manual Input,False,Cloud Service,True,False
197,Cloud Service,True,Smart Scale,True,Cloud Service,True,False
198,Cloud Service,True,Cloud Service,True,Cloud Service,True,False
199,Cloud Service,True,Manual Input,False,Cloud Service,True,False
200,Cloud Service,True,Cloud Service,True,Cloud Service,True,True
201,Cloud Service,True,Smart Scale,True,Cloud Service,True,False
202,Cloud Service,True,Smart Scale,True,Cloud Service,True,False
203,Cloud Service,True,Cloud Service,True,Cloud Service,True,False
204,Cloud Service,True,Smart Scale,False,Cloud Service,True,False
205,Cloud Service,True,Cloud Service,True,Cloud Service,True,False
206,Cloud Service,True,Cloud Service,True,Cloud Service,True,False
207,Cloud Service,True,Smart Scale,False,Cloud Service,True,False
208,Cloud Service,True,Manual Input,False,Cloud Service,True,False
209,Cloud Service,True,Smart Scale,True,Cloud Service,True,False
210,Cloud Service,True,Manual Input,False,Cloud Service,True,False
211,Cloud Service,True,Cloud Service,True,Cloud Service,True,False
212,Cloud Service,True,Cloud Service,True,Cloud Service,True,False
213,Cloud Service,True,Cloud Service,True,Cloud Service,True,False
214,Cloud Service,True,Smart Scale,False,Cloud Service,True,False
215,Cloud Service,True,Smart Scale,True,Cloud Service,True,False
216,Cloud Service,True,Cloud Service,True,Cloud Service,True,False
217,Cloud Service,True,Cloud Service,False,Cloud Service,True,False
218,Cloud Service,True,Smart Scale,True,Cloud Service,True,False
219,Cloud Service,True,Manual Input,False,Cloud Service,True,False
220,Cloud Service,True,Manual Input,False,Cloud Service,True,False
221,Cloud Service,True,Smart Scale,True,Cloud Service,True,False
222,Cloud Service,True,Cloud Service,True,Cloud Service,True,False
223,Cloud Service,True,Cloud Service,True,Cloud Service,True,False
224,Cloud Service,True,Cloud Service,True,Cloud Service,True,False
225,Cloud Service,True,Smart Scale,True,Smart Scale,True,True
226,Cloud Service,True,Smart Scale,False,Smart Scale,True,False
227,Cloud Service,True,Cloud Service,True,Smart Scale,True,False
228,Cloud Service,True,Smart Scale,False,Smart Scale,True,False
229,Cloud Service,True,Manual Input,False,Smart Scale,True,False
230,Cloud Service,True,Smart Scale,True,Smart Scale,True,False
231,Cloud Service,True,Manual Input,False,Smart Scale,True,False
232,Cloud Service,True,Smart Scale,True,Smart Scale,True,False
233,Cloud Service,True,Manual Input,False,Smart Scale,True,False
234,Cloud Service,True,Smart Scale,True,Smart Scale,True,False
235,Cloud Service,True,Manual Input,False,Smart Scale,True,False
236,Cloud Service,True,Cloud Service,True,Smart Scale,True,False
237,Cloud Service,True,Smart Scale,True,Smart Scale,True,False
238,Cloud Service,True,Smart Scale,False,Smart Scale,True,False
239,Cloud Service,True,Cloud Service,True,Smart Scale,True,False
240,Cloud Service,True,Manual Input,False,Smart Scale,True,False
241,Cloud Service,True,Cloud Service,True,Smart Scale,True,False
242,Cloud Service,True,Smart Scale,True,Smart Scale,True,False
243,Cloud Service,True,Manual Input,False,Smart Scale,True,False
244,Cloud Service,True,Cloud Service,True,Smart Scale,True,False
245,Cloud Service,True,Cloud Service,True,Smart Scale,True,False
246,Cloud Service,True,Smart Scale,False,Smart Scale,True,False
247,Cloud Service,True,Cloud Service,True,Smart Scale,True,False
248,Cloud Service,True,Manual Input,False,Smart Scale,True,False
249,Cloud Service,True,Manual Input,False,Smart Scale,True,False
250,Cloud Service,True,Manual Input,False,Manual Input,False,True
251,Cloud Service,True,Manual Input,False,Manual Input,False,False
252,Cloud Service,True,Smart Scale,True,Manual Input,False,False
253,Cloud Service,True,Smart Scale,True,Manual Input,False,False
254,Cloud Service,True,Cloud Service,True,Manual Input,False,False
255,Cloud Service,True,Cloud Service,True,Manual Input,False,False
256,Cloud Service,True,Cloud Service,False,Manual Input,False,False
257,Cloud Service,True,Manual Input,False,Manual Input,False,False
258,Cloud Service,True,Cloud Service,True,Manual Input,False,False
259,Cloud Service,True,Manual Input,False,Manual Input,False,False
260,Cloud Service,True,Manual Input,False,Manual Input,False,False
261,Cloud Service,True,Manual Input,False,Manual Input,False,False
262,Cloud Service,True,Manual Input,False,Manual Input,False,False
263,Cloud Service,True,Cloud Service,True,Manual Input,False,False
264,Cloud Service,True,Manual Input,False,Manual Input,False,False
265,Cloud Service,True,Cloud Service,False,Manual Input,False,False
266,Cloud Service,True,Manual Input,False,Manual Input,False,False
267,Cloud Service,True,Manual Input,False,Manual Input,False,False
268,Cloud Service,True,Cloud Service,True,Manual Input,False,False
269,Cloud Service,True,Manual Input,False,Manual Input,False,False
270,Cloud Service,True,Cloud Service,True,Manual Input,False,False
271,Cloud Service,True,Cloud Service,True,Manual Input,False,False
272,Cloud Service,True,Smart Scale,False,Manual Input,False,False
273,Cloud Service,True,Manual Input,False,Manual Input,False,False
274,Cloud Service,True,Manual Input,False,Manual Input,False,False
275,Cloud Service,True,Manual Input,False,Manual Input,False,True
276,Cloud Service,True,Cloud Service,False,Manual Input,False,False
277,Cloud Service,True,Cloud Service,True,Manual Input,False,False
278,Cloud Service,True,Cloud Service,True,Manual Input,False,False
279,Cloud Service,True,Smart Scale,False,Manual Input,False,False
280,Cloud Service,True,Cloud Service,True,Manual Input,False,False
281,Cloud Service,True,Manual Input,False,Manual Input,False,False
282,Cloud Service,True,Manual Input,False,Manual Input,False,False
283,Cloud Service,True,Manual Input,False,Manual Input,False,False
284,Cloud Service,True,Manual Input,False,Manual Input,False,False
285,Cloud Service,True,Manual Input,False,Manual Input,False,False
286,Cloud Service,True,Manual Input,False,Manual Input,False,False
287,Cloud Service,True,Manual Input,False,Manual Input,False,False
288,Cloud Service,True,Cloud Service,True,Manual Input,False,False
289,Cloud Service,True,Cloud Service,True,Manual Input,False,False
290,Cloud Service,True,Cloud Service,True,Manual Input,False,False
291,Cloud Service,True,Cloud Service,False,Manual Input,False,False
292,Cloud Service,True,Cloud Service,True,Manual Input,False,False
293,Cloud Service,True,Cloud Service,True,Manual Input,False,False
294,Cloud Service,True,Cloud Service,True,Manual Input,False,False
295,Cloud Service,True,Manual Input,False,Manual Input,False,False
296,Cloud Service,True,Cloud Service,True,Manual Input,False,False
297,Cloud Service,True,Cloud Service,True,Manual Input,False,False
298,Cloud Service,True,Manual Input,False,Manual Input,False,False
299,Cloud Service,True,Manual Input,False,Manual Input,False,False
300,Cloud Service,True,Manual Input,False,Manual Input,False,True
301,Cloud Service,True,Manual Input,False,Manual Input,False,False
302,Cloud Service,True,Manual Input,False,Manual Input,False,False
303,Cloud Service,True,Cloud Service,True,Manual Input,False,False
304,Cloud Service,True,Manual Input,False,Manual Input,False,False
305,Cloud Service,True,Manual Input,False,Manual Input,False,False
306,Cloud Service,True,Cloud Service,True,Manual Input,False,False
307,Cloud Service,True,Cloud Service,True,Manual Input,False,False
308,Cloud Service,True,Cloud Service,True,Manual Input,False,False
309,Cloud Service,True,Manual Input,False,Manual Input,False,False
310,Cloud Service,True,Cloud Service,True,Manual Input,False,False
311,Cloud Service,True,Manual Input,False,Manual Input,False,False
312,Cloud Service,True,Manual Input,False,Manual Input,False,False
313,Cloud Service,True,Cloud Service,True,Manual Input,False,False
314,Cloud Service,True,Manual Input,False,Manual Input,False,False
315,Cloud Service,True,Manual Input,False,Manual Input,False,False
316,Cloud Service,True,Manual Input,False,Manual Input,False,False
317,Cloud Service,True,Manual Input,False,Manual Input,False,False
318,Cloud Service,True,Manual Input,False,Manual Input,False,False
319,Cloud Service,True,Cloud Service,True,Manual Input,False,False
320,Cloud Service,True,Cloud Service,True,Manual Input,False,False
321,Cloud Service,True,Cloud Service,True,Manual Input,False,False
322,Cloud Service,True,Manual Input,False,Manual Input,False,False
323,Cloud Service,True,Cloud Service,True,Manual Input,False,False
324,Cloud Service,True,Manual Input,False,Manual Input,False,False
325,Cloud Service,True,Manual Input,False,Manual Input,False,True
326,Cloud Service,True,Cloud Service,True,Manual Input,False,False
327,Cloud Service,True,Cloud Service,True,Manual Input,False,False
328,Cloud Service,True,Cloud Service,True,Manual Input,False,False
329,Cloud Service,True,Manual Input,False,Manual Input,False,False
330,Cloud Service,True,Cloud Service,True,Manual Input,False,False
331,Cloud Service,True,Manual Input,False,Manual Input,False,False
332,Cloud Service,True,Manual Input,False,Manual Input,False,False
333,Cloud Service,True,Manual Input,False,Manual Input,False,False
334,Cloud Service,True,Manual Input,False,Manual Input,False,False
335,Cloud Service,True,Manual Input,False,Manual Input,False,False
336,Cloud Service,True,Manual Input,False,Manual Input,False,False
337,Cloud Service,True,Cloud Service,True,Manual Input,False,False
338,Cloud Service,True,Manual Input,False,Manual Input,False,False
339,Cloud Service,True,Cloud Service,True,Manual Input,False,False
340,Cloud Service,True,Manual Input,False,Manual Input,False,False
341,Cloud Service,True,Manual Input,False,Manual Input,False,False
342,Cloud Service,True,Cloud Service,False,Manual Input,False,False
343,Cloud Service,True,Cloud Service,True,Manual Input,False,False
344,Cloud Service,True,Manual Input,False,Manual Input,False,False
345,Cloud Service,True,Cloud Service,True,Manual Input,False,False
346,Cloud Service,True,Cloud Service,True,Manual Input,False,False
347,Cloud Service,True,Cloud Service,True,Manual Input,False,False
348,Cloud Service,True,Cloud Service,True,Manual Input,False,False
349,Cloud Service,True,Cloud Service,True,Manual Input,False,False
350,Cloud Service,True,Cloud Service,True,Cloud Service,True,True
351,Cloud Service,True,Manual Input,False,Cloud Service,True,False
352,Cloud Service,True,Cloud Service,True,Cloud Service,True,False
353,Cloud Service,True,Cloud Service,True,Cloud Service,True,False
354,Cloud Service,True,Cloud Service,True,Cloud Service,True,False
355,Cloud Service,True,Cloud Service,True,Cloud Service,True,False
356,Cloud Service,True,Manual Input,False,Cloud Service,True,False
357,Cloud Service,True,Manual Input,False,Cloud Service,True,False
358,Cloud Service,True,Cloud Service,False,Cloud Service,True,False
359,Cloud Service,True,Cloud Service,True,Cloud Service,True,False
360,Cloud Service,True,Cloud Service,True,Cloud Service,True,False
361,Cloud Service,True,Cloud Service,True,Cloud Service,True,False
362,Cloud Service,True,Cloud Service,True,Cloud Service,True,False
363,Cloud Service,True,Manual Input,False,Cloud Service,True,False
364,Cloud Service,True,Cloud Service,True,Cloud Service,True,False
365,Cloud Service,True,Cloud Service,True,Cloud Service,True,False
366,Cloud Service,True,Manual Input,False,Cloud Service,True,False
367,Cloud Service,True,Manual Input,False,Cloud Service,True,False
368,Cloud Service,True,Cloud Service,True,Cloud Service,True,False
369,Cloud Service,True,Manual Input,False,Cloud Service,True,False
370,Cloud Service,True,Manual Input,False,Cloud Service,True,False
371,Cloud Service,True,Manual Input,False,Cloud Service,True,False
372,Cloud Service,True,Cloud Service,True,Cloud Service,True,False
373,Cloud Service,True,Manual Input,False,Cloud Service,True,False
374,Cloud Service,True,Cloud Service,True,Cloud Service,True,False
375,Cloud Service,True,Manual Input,False,Manual Input,False,True
376,Cloud Service,True,Manual Input,False,Manual Input,False,False
377,Cloud Service,True,Cloud Service,True,Manual Input,False,False
378,Cloud Service,True,Cloud Service,True,Manual Input,False,False
379,Cloud Service,True,Cloud Service,True,Manual Input,False,False
380,Cloud Service,True,Cloud Service,True,Manual Input,False,False
381,Cloud Service,True,Cloud Service,True,Manual Input,False,False
382,Cloud Service,True,Cloud Service,True,Manual Input,False,False
383,Cloud Service,True,Cloud Service,True,Manual Input,False,False
384,Cloud Service,True,Cloud Service,True,Manual Input,False,False
385,Cloud Service,True,Cloud Service,True,Manual Input,False,False
386,Cloud Service,True,Cloud Service,True,Manual Input,False,False
387,Cloud Service,True,Cloud Service,True,Manual Input,False,False
388,Cloud Service,True,Manual Input,False,Manual Input,False,False
389,Cloud Service,True,Cloud Service,True,Manual Input,False,False
390,Cloud Service,True,Cloud Service,True,Manual Input,False,False
391,Cloud Service,True,Cloud Service,True,Manual Input,False,False
392,Cloud Service,True,Cloud Service,True,Manual Input,False,False
393,Cloud Service,True,Cloud Service,True,Manual Input,False,False
394,Cloud Service,True,Cloud Service,False,Manual Input,False,False
395,Cloud Service,True,Manual Input,False,Manual Input,False,False
396,Cloud Service,True,Manual Input,False,Manual Input,False,False
397,Cloud Service,True,Manual Input,False,Manual Input,False,False
398,Cloud Service,True,Cloud Service,True,Manual Input,False,False
399,Cloud Service,True,Manual Input,False,Manual Input,False,False
400,Cloud Service,True,Cloud Service,True,Cloud Service,True,True
401,Cloud Service,True,Manual Input,False,Cloud Service,True,False
402,Cloud Service,True,Cloud Service,True,Cloud Service,True,False
403,Cloud Service,True,Cloud Service,True,Cloud Service,True,False
404,Cloud Service,True,Cloud Service,True,Cloud Service,True,False
405,Cloud Service,True,Cloud Service,True,Cloud Service,True,False
406,Cloud Service,True,Cloud Service,False,Cloud Service,True,False
407,Cloud Service,True,Manual Input,False,Cloud Service,True,False
408,Cloud Service,True,Cloud Service,True,Cloud Service,True,False
409,Cloud Service,True,Manual Input,False,Cloud Service,True,False
410,Cloud Service,True,Manual Input,False,Cloud Service,True,False
411,Cloud Service,True,Cloud Service,True,Cloud Service,True,False
412,Cloud Service,True,Cloud Service,True,Cloud Service,True,False
413,Cloud Service,True,Manual Input,False,Cloud Service,True,False
414,Cloud Service,True,Cloud Service,True,Cloud Service,True,False
415,Cloud Service,True,Cloud Service,True,Cloud Service,True,False
416,Cloud Service,True,Cloud Service,False,Cloud Service,True,False
417,Cloud Service,True,Cloud Service,True,Cloud Service,True,False
418,Cloud Service,True,Cloud Service,True,Cloud Service,True,False
419,Cloud Service,True,Manual Input,False,Cloud Service,True,False
420,Cloud Service,True,Manual Input,False,Cloud Service,True,False
421,Cloud Service,True,Cloud Service,True,Cloud Service,True,False
422,Cloud Service,True,Manual Input,False,Cloud Service,True,False
423,Cloud Service,True,Cloud Service,False,Cloud Service,True,False
424,Cloud Service,True,Manual Input,False,Cloud Service,True,False
425,Cloud Service,True,Manual Input,False,Manual Input,False,True
426,Cloud Service,True,Manual Input,False,Manual Input,False,False
427,Cloud Service,True,Manual Input,False,Manual Input,False,False
428,Cloud Service,True,Cloud Service,True,Manual Input,False,False
429,Cloud Service,True,Manual Input,False,Manual Input,False,False
430,Cloud Service,True,Manual Input,False,Manual Input,False,False
431,Cloud Service,True,Cloud Service,False,Manual Input,False,False
432,Cloud Service,True,Cloud Service,True,Manual Input,False,False
433,Cloud Service,True,Cloud Service,True,Manual Input,False,False
434,Cloud Service,True,Cloud Service,True,Manual Input,False,False
435,Cloud Service,True,Manual Input,False,Manual Input,False,False
436,Cloud Service,True,Manual Input,False,Manual Input,False,False
437,Cloud Service,True,Cloud Service,True,Manual Input,False,False
438,Cloud Service,True,Cloud Service,True,Manual Input,False,False
439,Cloud Service,True,Cloud Service,True,Manual Input,False,False
440,Cloud Service,True,Manual Input,False,Manual Input,False,False
441,Cloud Service,True,Manual Input,False,Manual Input,False,False
442,Cloud Service,True,Manual Input,False,Manual Input,False,False
443,Cloud Service,True,Manual Input,False,Manual Input,False,False
444,Cloud Service,True,Cloud Service,True,Manual Input,False,False
445,Cloud Service,True,Manual Input,False,Manual Input,False,False
446,Cloud Service,True,Cloud Service,True,Manual Input,False,False
447,Cloud Service,True,Manual Input,False,Manual Input,False,False
448,Cloud Service,True,Manual Input,False,Manual Input,False,False
449,Cloud Service,True,Manual Input,False,Manual Input,False,False
450,Cloud Service,True,Manual Input,False,Manual Input,False,True
451,Cloud Service,True,Cloud Service,True,Manual Input,False,False
452,Cloud Service,True,Manual Input,False,Manual Input,False,False
453,Cloud Service,True,Cloud Service,True,Manual Input,False,False
454,Cloud Service,True,Cloud Service,True,Manual Input,False,False
455,Cloud Service,True,Cloud Service,True,Manual Input,False,False
456,Cloud Service,True,Cloud Service,True,Manual Input,False,False
457,Cloud Service,True,Manual Input,False,Manual Input,False,False
458,Cloud Service,True,Cloud Service,True,Manual Input,False,False
459,Cloud Service,True,Manual Input,False,Manual Input,False,False
460,Cloud Service,True,Manual Input,False,Manual Input,False,False
461,Cloud Service,True,Cloud Service,True,Manual Input,False,False
462,Cloud Service,True,Cloud Service,True,Manual Input,False,False
463,Cloud Service,True,Manual Input,False,Manual Input,False,False
464,Cloud Service,True,Manual Input,False,Manual Input,False,False
465,Cloud Service,True,Manual Input,False,Manual Input,False,False
466,Cloud Service,True,Manual Input,False,Manual Input,False,False
467,Cloud Service,True,Manual Input,False,Manual Input,False,False
468,Cloud Service,True,Manual Input,False,Manual Input,False,False
469,Cloud Service,True,Cloud Service,True,Manual Input,False,False
470,Cloud Service,True,Cloud Service,True,Manual Input,False,False
471,Cloud Service,True,Cloud Service,True,Manual Input,False,False
472,Cloud Service,True,Cloud Service,True,Manual Input,False,False
473,Cloud Service,True,Cloud Service,False,Manual Input,False,False
474,Cloud Service,True,Manual Input,False,Manual Input,False,False
475,Cloud Service,True,Cloud Service,True,Cloud Service,True,True
476,Cloud Service,True,Cloud Service,True,Cloud Service,True,False
477,Cloud Service,True,Manual Input,False,Cloud Service,True,False
478,Cloud Service,True,Cloud Service,True,Cloud Service,True,False
479,Cloud Service,True,Cloud Service,True,Cloud Service,True,False
480,Cloud Service,True,Cloud Service,True,Cloud Service,True,False
481,Cloud Service,True,Cloud Service,True,Cloud Service,True,False
482,Cloud Service,True,Cloud Service,True,Cloud Service,True,False
483,Cloud Service,True,Manual Input,False,Cloud Service,True,False
484,Cloud Service,True,Cloud Service,True,Cloud Service,True,False
485,Cloud Service,True,Manual Input,False,Cloud Service,True,False
486,Cloud Service,True,Manual Input,False,Cloud Service,True,False
487,Cloud Service,True,Manual Input,False,Cloud Service,True,False
488,Cloud Service,True,Cloud Service,False,Cloud Service,True,False
489,Cloud Service,True,Manual Input,False,Cloud Service,True,False
490,Cloud Service,True,Cloud Service,True,Cloud Service,True,False
491,Cloud Service,True,Manual Input,False,Cloud Service,True,False
492,Cloud Service,True,Cloud Service,True,Cloud Service,True,False
493,Cloud Service,True,Cloud Service,True,Cloud Service,True,False
494,Cloud Service,True,Cloud Service,True,Cloud Service,True,False
495,Cloud Service,True,Manual Input,False,Cloud Service,True,False
496,Cloud Service,True,Manual Input,False,Cloud Service,True,False
497,Cloud Service,True,Manual Input,False,Cloud Service,True,False
498,Cloud Service,True,Cloud Service,True,Cloud Service,True,False
499,Cloud Service,True,Cloud Service,True,Cloud Service,True,False
500,Cloud Service,True,Manual Input,False,Manual Input,False,True
501,Cloud Service,True,Cloud Service,True,Manual Input,False,False
502,Cloud Service,True,Cloud Service,True,Manual Input,False,False
503,Cloud Service,True,Cloud Service,True,Manual Input,False,False
504,Cloud Service,True,Cloud Service,True,Manual Input,False,False
505,Cloud Service,True,Manual Input,False,Manual Input,False,False
506,Cloud Service,True,Cloud Service,True,Manual Input,False,False
507,Cloud Service,True,Cloud Service,True,Manual Input,False,False
508,Cloud Service,True,Cloud Service,True,Manual Input,False,False
509,Cloud Service,True,Manual Input,False,Manual Input,False,False
510,Cloud Service,True,Cloud Service,True,Manual Input,False,False
511,Cloud Service,True,Manual Input,False,Manual Input,False,False
512,Cloud Service,True,Cloud Service,False,Manual Input,False,False
513,Cloud Service,True,Cloud Service,True,Manual Input,False,False
514,Cloud Service,True,Manual Input,False,Manual Input,False,False
515,Cloud Service,True,Cloud Service,True,Manual Input,False,False
516,Cloud Service,True,Manual Input,False,Manual Input,False,False
517,Cloud Service,True,Manual Input,False,Manual Input,False,False
518,Cloud Service,True,Cloud Service,True,Manual Input,False,False
519,Cloud Service,True,Cloud Service,True,Manual Input,False,False
520,Cloud Service,True,Manual Input,False,Manual Input,False,False
521,Cloud Service,True,Manual Input,False,Manual Input,False,False
522,Cloud Service,True,Cloud Service,True,Manual Input,False,False
523,Cloud Service,True,Manual Input,False,Manual Input,False,False
524,Cloud Service,True,Manual Input,False,Manual Input,False,False
525,Cloud Service,True,Cloud Service,True,Cloud Service,True,True
526,Cloud Service,True,Cloud Service,True,Cloud Service,True,False
527,Cloud Service,True,Cloud Service,False,Cloud Service,True,False
528,Cloud Service,True,Manual Input,False,Cloud Service,True,False
529,Cloud Service,True,Cloud Service,True,Cloud Service,True,False
530,Cloud Service,True,Manual Input,False,Cloud Service,True,False
531,Cloud Service,True,Cloud Service,True,Cloud Service,True,False
532,Cloud Service,True,Cloud Service,True,Cloud Service,True,False
533,Cloud Service,True,Manual Input,False,Cloud Service,True,False
534,Cloud Service,True,Manual Input,False,Cloud Service,True,False
535,Cloud Service,True,Cloud Service,False,Cloud Service,True,False
536,Cloud Service,True,Cloud Service,True,Cloud Service,True,False
537,Cloud Service,True,Cloud Service,True,Cloud Service,True,False
538,Cloud Service,True,Cloud Service,True,Cloud Service,True,False
539,Cloud Service,True,Cloud Service,True,Cloud Service,True,False
540,Cloud Service,True,Cloud Service,True,Cloud Service,True,False
541,Cloud Service,True,Manual Input,False,Cloud Service,True,False
542,Cloud Service,True,Cloud Service,True,Cloud Service,True,False
543,Cloud Service,True,Manual Input,False,Cloud Service,True,False
544,Cloud Service,True,Manual Input,False,Cloud Service,True,False
545,Cloud Service,True,Cloud Service,True,Cloud Service,True,False
546,Cloud Service,True,Cloud Service,True,Cloud Service,True,False
547,Cloud Service,True,Manual Input,False,Cloud Service,True,False
548,Cloud Service,True,Manual Input,False,Cloud Service,True,False
549,Cloud Service,True,Manual Input,False,Cloud Service,True,False
550,Cloud Service,True,Cloud Service,True,Cloud Service,True,True
551,Cloud Service,True,Manual Input,False,Cloud Service,True,False
552,Cloud Service,True,Manual Input,False,Cloud Service,True,False
553,Cloud Service,True,Manual Input,False,Cloud Service,True,False
554,Cloud Service,True,Manual Input,False,Cloud Service,True,False
555,Cloud Service,True,Manual Input,False,Cloud Service,True,False
556,Cloud Service,True,Manual Input,False,Cloud Service,True,False
557,Cloud Service,True,Cloud Service,True,Cloud Service,True,False
558,Cloud Service,True,Manual Input,False,Cloud Service,True,False
559,Cloud Service,True,Cloud Service,True,Cloud Service,True,False
560,Cloud Service,True,Manual Input,False,Cloud Service,True,False
561,Cloud Service,True,Cloud Service,True,Cloud Service,True,False
562,Cloud Service,True,Manual Input,False,Cloud Service,True,False
563,Cloud Service,True,Manual Input,False,Cloud Service,True,False
564,Cloud Service,True,Cloud Service,True,Cloud Service,True,False
565,Cloud Service,True,Cloud Service,True,Cloud Service,True,False
566,Cloud Service,True,Manual Input,False,Cloud Service,True,False
567,Cloud Service,True,Manual Input,False,Cloud Service,True,False
568,Cloud Service,True,Cloud Service,True,Cloud Service,True,False
569,Cloud Service,True,Manual Input,False,Cloud Service,True,False
570,Cloud Service,True,Cloud Service,True,Cloud Service,True,False
571,Cloud Service,True,Cloud Service,False,Cloud Service,True,False
572,Cloud Service,True,Manual Input,False,Cloud Service,True,False
573,Cloud Service,True,Cloud Service,True,Cloud Service,True,False
574,Cloud Service,True,Cloud Service,True,Cloud Service,True,False
575,Cloud Service,True,Manual Input,False,Manual Input,False,True
576,Cloud Service,True,Manual Input,False,Manual Input,False,False
577,Cloud Service,True,Cloud Service,True,Manual Input,False,False
578,Cloud Service,True,Cloud Service,True,Manual Input,False,False
579,Cloud Service,True,Manual Input,False,Manual Input,False,False
580,Cloud Service,True,Cloud Service,True,Manual Input,False,False
581,Cloud Service,True,Cloud Service,True,Manual Input,False,False
582,Cloud Service,True,Manual Input,False,Manual Input,False,False
583,Cloud Service,True,Cloud Service,True,Manual Input,False,False
584,Cloud Service,True,Manual Input,False,Manual Input,False,False
585,Cloud Service,True,Manual Input,False,Manual Input,False,False
586,Cloud Service,True,Manual Input,False,Manual Input,False,False
587,Cloud Service,True,Manual Input,False,Manual Input,False,False
588,Cloud Service,True,Manual Input,False,Manual Input,False,False
589,Cloud Service,True,Cloud Service,True,Manual Input,False,False
590,Cloud Service,True,Cloud Service,True,Manual Input,False,False
591,Cloud Service,True,Manual Input,False,Manual Input,False,False
592,Cloud Service,True,Manual Input,False,Manual Input,False,False
593,Cloud Service,True,Cloud Service,True,Manual Input,False,False
594,Cloud Service,True,Manual Input,False,Manual Input,False,False
595,Cloud Service,True,Cloud Service,True,Manual Input,False,False
596,Cloud Service,True,Manual Input,False,Manual Input,False,False
597,Cloud Service,True,Manual Input,False,Manual Input,False,False
598,Cloud Service,True,Manual Input,False,Manual Input,False,False
599,Cloud Service,True,Manual Input,False,Manual Input,False,False
600,Cloud Service,True,Cloud Service,True,Cloud Service,True,True
601,Cloud Service,True,Manual Input,False,Cloud Service,True,False
602,Cloud Service,True,Cloud Service,True,Cloud Service,True,False
603,Cloud Service,True,Cloud Service,True,Cloud Service,True,False
604,Cloud Service,True,Manual Input,False,Cloud Service,True,False
605,Cloud Service,True,Cloud Service,True,Cloud Service,True,False
606,Cloud Service,True,Cloud Service,True,Cloud Service,True,False
607,Cloud Service,True,Manual Input,False,Cloud Service,True,False
608,Cloud Service,True,Manual Input,False,Cloud Service,True,False
609,Cloud Service,True,Cloud Service,True,Cloud Service,True,False
610,Cloud Service,True,Cloud Service,True,Cloud Service,True,False
611,Cloud Service,True,Cloud Service,False,Cloud Service,True,False
612,Cloud Service,True,Cloud Service,True,Cloud Service,True,False
613,Cloud Service,True,Cloud Service,True,Cloud Service,True,False
614,Cloud Service,True,Manual Input,False,Cloud Service,True,False
615,Cloud Service,True,Cloud Service,True,Cloud Service,True,False
616,Cloud Service,True,Cloud Service,True,Cloud Service,True,False
617,Cloud Service,True,Manual Input,False,Cloud Service,True,False
618,Cloud Service,True,Manual Input,False,Cloud Service,True,False
619,Cloud Service,True,Manual Input,False,Cloud Service,True,False
620,Cloud Service,True,Cloud Service,True,Cloud Service,True,False
621,Cloud Service,True,Cloud Service,True,Cloud Service,True,False
622,Cloud Service,True,Manual Input,False,Cloud Service,True,False
623,Cloud Service,True,Manual Input,False,Cloud Service,True,False
624,Cloud Service,True,Cloud Service,True,Cloud Service,True,False
625,Cloud Service,True,Manual Input,False,Manual Input,False,True
626,Cloud Service,True,Manual Input,False,Manual Input,False,False
627,Cloud Service,True,Manual Input,False,Manual Input,False,False
628,Cloud Service,True,Cloud Service,True,Manual Input,False,False
629,Cloud Service,True,Manual Input,False,Manual Input,False,False
630,Cloud Service,True,Cloud Service,True,Manual Input,False,False
631,Cloud Service,True,Manual Input,False,Manual Input,False,False
632,Cloud Service,True,Cloud Service,False,Manual Input,False,False
633,Cloud Service,True,Cloud Service,False,Manual Input,False,False
634,Cloud Service,True,Cloud Service,True,Manual Input,False,False
635,Cloud Service,True,Cloud Service,True,Manual Input,False,False
636,Cloud Service,True,Cloud Service,True,Manual Input,False,False
637,Cloud Service,True,Cloud Service,True,Manual Input,False,False
638,Cloud Service,True,Cloud Service,True,Manual Input,False,False
639,Cloud Service,True,Manual Input,False,Manual Input,False,False
640,Cloud Service,True,Cloud Service,True,Manual Input,False,False
641,Cloud Service,True,Cloud Service,True,Manual Input,False,False
642,Cloud Service,True,Manual Input,False,Manual Input,False,False
643,Cloud Service,True,Manual Input,False,Manual Input,False,False
644,Cloud Service,True,Cloud Service,True,Manual Input,False,False
645,Cloud Service,True,Cloud Service,True,Manual Input,False,False
646,Cloud Service,True,Cloud Service,True,Manual Input,False,False
647,Cloud Service,True,Manual Input,False,Manual Input,False,False
648,Cloud Service,True,Manual Input,False,Manual Input,False,False
649,Cloud Service,True,Manual Input,False,Manual Input,False,False
650,Cloud Service,True,Manual Input,False,Manual Input,False,True
651,Cloud Service,True,Manual Input,False,Manual Input,False,False
652,Cloud Service,True,Manual Input,False,Manual Input,False,False
653,Cloud Service,True,Manual Input,False,Manual Input,False,False
654,Cloud Service,True,Manual Input,False,Manual Input,False,False
655,Cloud Service,True,Cloud Service,True,Manual Input,False,False
656,Cloud Service,True,Cloud Service,True,Manual Input,False,False
657,Cloud Service,True,Manual Input,False,Manual Input,False,False
658,Cloud Service,True,Manual Input,False,Manual Input,False,False
659,Cloud Service,True,Cloud Service,True,Manual Input,False,False
660,Cloud Service,True,Cloud Service,True,Manual Input,False,False
661,Cloud Service,True,Cloud Service,True,Manual Input,False,False
662,Cloud Service,True,Cloud Service,True,Manual Input,False,False
663,Cloud Service,True,Cloud Service,True,Manual Input,False,False
664,Cloud Service,True,Cloud Service,True,Manual Input,False,False
665,Cloud Service,True,Manual Input,False,Manual Input,False,False
666,Cloud Service,True,Manual Input,False,Manual Input,False,False
667,Cloud Service,True,Cloud Service,True,Manual Input,False,False
668,Cloud Service,True,Cloud Service,True,Manual Input,False,False
669,Cloud Service,True,Cloud Service,True,Manual Input,False,False
670,Cloud Service,True,Cloud Service,True,Manual Input,False,False
671,Cloud Service,True,Manual Input,False,Manual Input,False,False
672,Cloud Service,True,Cloud Service,True,Manual Input,False,False
673,Cloud Service,True,Cloud Service,True,Manual Input,False,False
674,Cloud Service,True,Manual Input,False,Manual Input,False,False
675,Cloud Service,True,Manual Input,False,Manual Input,False,True
676,Cloud Service,True,Manual Input,False,Manual Input,False,False
677,Cloud Service,True,Cloud Service,True,Manual Input,False,False
678,Cloud Service,True,Manual Input,False,Manual Input,False,False
679,Cloud Service,True,Manual Input,False,Manual Input,False,False
680,Cloud Service,True,Manual Input,False,Manual Input,False,False
681,Cloud Service,True,Manual Input,False,Manual Input,False,False
682,Cloud Service,True,Manual Input,False,Manual Input,False,False
683,Cloud Service,True,Cloud Service,True,Manual Input,False,False
684,Cloud Service,True,Manual Input,False,Manual Input,False,False
685,Cloud Service,True,Cloud Service,True,Manual Input,False,False
686,Cloud Service,True,Manual Input,False,Manual Input,False,False
687,Cloud Service,True,Cloud Service,True,Manual Input,False,False
688,Cloud Service,True,Manual Input,False,Manual Input,False,False
689,Cloud Service,True,Cloud Service,True,Manual Input,False,False
690,Cloud Service,True,Manual Input,False,Manual Input,False,False
691,Cloud Service,True,Manual Input,False,Manual Input,False,False
692,Cloud Service,True,Cloud Service,True,Manual Input,False,False
693,Cloud Service,True,Cloud Service,True,Manual Input,False,False
694,Cloud Service,True,Manual Input,False,Manual Input,False,False
695,Cloud Service,True,Manual Input,False,Manual Input,False,False
696,Cloud Service,True,Manual Input,False,Manual Input,False,False
697,Cloud Service,True,Cloud Service,True,Manual Input,False,False
698,Cloud Service,True,Cloud Service,True,Manual Input,False,False
699,Cloud Service,True,Manual Input,False,Manual Input,False,False
700,Cloud Service,True,Manual Input,False,Manual Input,False,True
701,Cloud Service,True,Manual Input,False,Manual Input,False,False
702,Cloud Service,True,Cloud Service,False,Manual Input,False,False
703,Cloud Service,True,Manual Input,False,Manual Input,False,False
704,Cloud Service,True,Cloud Service,True,Manual Input,False,False
705,Cloud Service,True,Cloud Service,True,Manual Input,False,False
706,Cloud Service,True,Manual Input,False,Manual Input,False,False
707,Cloud Service,True,Cloud Service,True,Manual Input,False,False
708,Cloud Service,True,Manual Input,False,Manual Input,False,False
709,Cloud Service,True,Cloud Service,True,Manual Input,False,False
710,Cloud Service,True,Manual Input,False,Manual Input,False,False
711,Cloud Service,True,Cloud Service,True,Manual Input,False,False
712,Cloud Service,True,Cloud Service,True,Manual Input,False,False
713,Cloud Service,True,Manual Input,False,Manual Input,False,False
714,Cloud Service,True,Cloud Service,True,Manual Input,False,False
715,Cloud Service,True,Manual Input,False,Manual Input,False,False
716,Cloud Service,True,Cloud Service,True,Manual Input,False,False
717,Cloud Service,True,Manual Input,False,Manual Input,False,False
718,Cloud Service,True,Manual Input,False,Manual Input,False,False
719,Cloud Service,True,Cloud Service,False,Manual Input,False,False
720,Cloud Service,True,Manual Input,False,Manual Input,False,False
721,Cloud Service,True,Cloud Service,True,Manual Input,False,False
722,Cloud Service,True,Manual Input,False,Manual Input,False,False
723,Cloud Service,True,Manual Input,False,Manual Input,False,False
724,Cloud Service,True,Manual Input,False,Manual Input,False,False
725,Cloud Service,True,Manual Input,False,Manual Input,False,True
726,Cloud Service,True,Manual Input,False,Manual Input,False,False
727,Cloud Service,True,Cloud Service,True,Manual Input,False,False
728,Cloud Service,True,Cloud Service,True,Manual Input,False,False
729,Cloud Service,True,Cloud Service,True,Manual Input,False,False
730,Cloud Service,True,Cloud Service,True,Manual Input,False,False
731,Cloud Service,True,Cloud Service,True,Manual Input,False,False
732,Cloud Service,True,Manual Input,False,Manual Input,False,False
733,Cloud Service,True,Cloud Service,False,Manual Input,False,False
734,Cloud Service,True,Manual Input,False,Manual Input,False,False
735,Cloud Service,True,Manual Input,False,Manual Input,False,False
736,Cloud Service,True,Cloud Service,False,Manual Input,False,False
737,Cloud Service,True,Cloud Service,True,Manual Input,False,False
738,Cloud Service,True,Manual Input,False,Manual Input,False,False
739,Cloud Service,True,Cloud Service,True,Manual Input,False,False
740,Cloud Service,True,Cloud Service,True,Manual Input,False,False
741,Cloud Service,True,Cloud Service,True,Manual Input,False,False
742,Cloud Service,True,Manual Input,False,Manual Input,False,False
743,Cloud Service,True,Manual Input,False,Manual Input,False,False
744,Cloud Service,True,Cloud Service,True,Manual Input,False,False
745,Cloud Service,True,Manual Input,False,Manual Input,False,False
746,Cloud Service,True,Manual Input,False,Manual Input,False,False
747,Cloud Service,True,Cloud Service,True,Manual Input,False,False
748,Cloud Service,True,Cloud Service,True,Manual Input,False,False
749,Cloud Service,True,Cloud Service,False,Manual Input,False,False
750,Cloud Service,True,Manual Input,False,Manual Input,False,True
751,Cloud Service,True,Manual Input,False,Manual Input,False,False
752,Cloud Service,True,Cloud Service,True,Manual Input,False,False
753,Cloud Service,True,Manual Input,False,Manual Input,False,False
754,Cloud Service,True,Cloud Service,True,Manual Input,False,False
755,Cloud Service,True,Cloud Service,True,Manual Input,False,False
756,Cloud Service,True,Manual Input,False,Manual Input,False,False
757,Cloud Service,True,Manual Input,False,Manual Input,False,False
758,Cloud Service,True,Manual Input,False,Manual Input,False,False
759,Cloud Service,True,Cloud Service,True,Manual Input,False,False
760,Cloud Service,True,Cloud Service,True,Manual Input,False,False
761,Cloud Service,True,Cloud Service,True,Manual Input,False,False
762,Cloud Service,True,Cloud Service,True,Manual Input,False,False
763,Cloud Service,True,Manual Input,False,Manual Input,False,False
764,Cloud Service,True,Manual Input,False,Manual Input,False,False
765,Cloud Service,True,Cloud Service,True,Manual Input,False,False
766,Cloud Service,True,Manual Input,False,Manual Input,False,False
767,Cloud Service,True,Manual Input,False,Manual Input,False,False
768,Cloud Service,True,Cloud Service,True,Manual Input,False,False
769,Cloud Service,True,Cloud Service,True,Manual Input,False,False
770,Cloud Service,True,Manual Input,False,Manual Input,False,False
771,Cloud Service,True,Cloud Service,True,Manual Input,False,False
772,Cloud Service,True,Cloud Service,True,Manual Input,False,False
773,Cloud Service,True,Cloud Service,False,Manual Input,False,False
774,Cloud Service,True,Cloud Service,True,Manual Input,False,False
775,Cloud Service,True,Cloud Service,True,Cloud Service,True,True
776,Cloud Service,True,Cloud Service,True,Cloud Service,True,False
777,Cloud Service,True,Cloud Service,True,Cloud Service,True,False
778,Cloud Service,True,Manual Input,False,Cloud Service,True,False
779,Cloud Service,True,Manual Input,False,Cloud Service,True,False
780,Cloud Service,True,Cloud Service,True,Cloud Service,True,False
781,Cloud Service,True,Cloud Service,True,Cloud Service,True,False
782,Cloud Service,True,Cloud Service,True,Cloud Service,True,False
783,Cloud Service,True,Cloud Service,True,Cloud Service,True,False
784,Cloud Service,True,Cloud Service,True,Cloud Service,True,False
785,Cloud Service,True,Cloud Service,True,Cloud Service,True,False
786,Cloud Service,True,Manual Input,False,Cloud Service,True,False
787,Cloud Service,True,Cloud Service,False,Cloud Service,True,False
788,Cloud Service,True,Manual Input,False,Cloud Service,True,False
789,Cloud Service,True,Cloud Service,True,Cloud Service,True,False
790,Cloud Service,True,Manual Input,False,Cloud Service,True,False
791,Cloud Service,True,Cloud Service,True,Cloud Service,True,False
792,Cloud Service,True,Manual Input,False,Cloud Service,True,False
793,Cloud Service,True,Cloud Service,True,Cloud Service,True,False
794,Cloud Service,True,Cloud Service,True,Cloud Service,True,False
795,Cloud Service,True,Cloud Service,True,Cloud Service,True,False
796,Cloud Service,True,Cloud Service,True,Cloud Service,True,False
797,Cloud Service,True,Cloud Service,True,Cloud Service,True,False
798,Cloud Service,True,Manual Input,False,Cloud Service,True,False
799,Cloud Service,True,Cloud Service,False,Cloud Service,True,False
800,Cloud Service,True,Cloud Service,True,Cloud Service,True,True
801,Cloud Service,True,Manual Input,False,Cloud Service,True,False
802,Cloud Service,True,Cloud Service,True,Cloud Service,True,False
803,Cloud Service,True,Manual Input,False,Cloud Service,True,False
804,Cloud Service,True,Cloud Service,True,Cloud Service,True,False
805,Cloud Service,True,Cloud Service,True,Cloud Service,True,False
806,Cloud Service,True,Cloud Service,True,Cloud Service,True,False
807,Cloud Service,True,Manual Input,False,Cloud Service,True,False
808,Cloud Service,True,Manual Input,False,Cloud Service,True,False
809,Cloud Service,True,Cloud Service,True,Cloud Service,True,False
810,Cloud Service,True,Cloud Service,True,Cloud Service,True,False
811,Cloud Service,True,Cloud Service,True,Cloud Service,True,False
812,Cloud Service,True,Manual Input,False,Cloud Service,True,False
813,Cloud Service,True,Cloud Service,True,Cloud Service,True,False
814,Cloud Service,True,Cloud Service,True,Cloud Service,True,False
815,Cloud Service,True,Cloud Service,True,Cloud Service,True,False
816,Cloud Service,True,Manual Input,False,Cloud Service,True,False
817,Cloud Service,True,Cloud Service,True,Cloud Service,True,False
818,Cloud Service,True,Manual Input,False,Cloud Service,True,False
819,Cloud Service,True,Cloud Service,True,Cloud Service,True,False
820,Cloud Service,True,Manual Input,False,Cloud Service,True,False
821,Cloud Service,True,Manual Input,False,Cloud Service,True,False
822,Cloud Service,True,Manual Input,False,Cloud Service,True,False
823,Cloud Service,True,Cloud Service,True,Cloud Service,True,False
824,Cloud Service,True,Cloud Service,True,Cloud Service,True,False
825,Cloud Service,True,Manual Input,False,Manual Input,False,True
826,Cloud Service,True,Cloud Service,True,Manual Input,False,False
827,Cloud Service,True,Cloud Service,True,Manual Input,False,False
828,Cloud Service,True,Cloud Service,True,Manual Input,False,False
829,Cloud Service,True,Manual Input,False,Manual Input,False,False
830,Cloud Service,True,Manual Input,False,Manual Input,False,False
831,Cloud Service,True,Cloud Service,True,Manual Input,False,False
832,Cloud Service,True,Manual Input,False,Manual Input,False,False
833,Cloud Service,True,Manual Input,False,Manual Input,False,False
834,Cloud Service,True,Cloud Service,True,Manual Input,False,False
835,Cloud Service,True,Manual Input,False,Manual Input,False,False
836,Cloud Service,True,Cloud Service,True,Manual Input,False,False
837,Cloud Service,True,Cloud Service,True,Manual Input,False,False
838,Cloud Service,True,Manual Input,False,Manual Input,False,False
839,Cloud Service,True,Cloud Service,True,Manual Input,False,False
840,Cloud Service,True,Manual Input,False,Manual Input,False,False
841,Cloud Service,True,Manual Input,False,Manual Input,False,False
842,Cloud Service,True,Cloud Service,True,Manual Input,False,False
843,Cloud Service,True,Cloud Service,True,Manual Input,False,False
844,Cloud Service,True,Manual Input,False,Manual Input,False,False
845,Cloud Service,True,Cloud Service,True,Manual Input,False,False
846,Cloud Service,True,Manual Input,False,Manual Input,False,False
847,Cloud Service,True,Cloud Service,True,Manual Input,False,False
848,Cloud Service,True,Manual Input,False,Manual Input,False,False
849,Cloud Service,True,Manual Input,False,Manual Input,False,False
850,Cloud Service,True,Manual Input,False,Manual Input,False,True
851,Cloud Service,True,Cloud Service,True,Manual Input,False,False
852,Cloud Service,True,Cloud Service,True,Manual Input,False,False
853,Cloud Service,True,Manual Input,False,Manual Input,False,False
854,Cloud Service,True,Manual Input,False,Manual Input,False,False
855,Cloud Service,True,Cloud Service,True,Manual Input,False,False
856,Cloud Service,True,Manual Input,False,Manual Input,False,False
857,Cloud Service,True,Cloud Service,True,Manual Input,False,False
858,Cloud Service,True,Cloud Service,True,Manual Input,False,False
859,Cloud Service,True,Cloud Service,True,Manual Input,False,False
860,Cloud Service,True,Cloud Service,True,Manual Input,False,False
861,Cloud Service,True,Manual Input,False,Manual Input,False,False
862,Cloud Service,True,Cloud Service,True,Manual Input,False,False
863,Cloud Service,True,Manual Input,False,Manual Input,False,False
864,Cloud Service,True,Cloud Service,True,Manual Input,False,False
865,Cloud Service,True,Manual Input,False,Manual Input,False,False
866,Cloud Service,True,Cloud Service,True,Manual Input,False,False
867,Cloud Service,True,Cloud Service,True,Manual Input,False,False
868,Cloud Service,True,Cloud Service,True,Manual Input,False,False
869,Cloud Service,True,Cloud Service,True,Manual Input,False,False
870,Cloud Service,True,Manual Input,False,Manual Input,False,False
871,Cloud Service,True,Cloud Service,True,Manual Input,False,False
872,Cloud Service,True,Cloud Service,True,Manual Input,False,False
873,Cloud Service,True,Manual Input,False,Manual Input,False,False
874,Cloud Service,True,Manual Input,False,Manual Input,False,False
875,Cloud Service,True,Cloud Service,True,Cloud Service,True,True
876,Cloud Service,True,Cloud Service,True,Cloud Service,True,False
877,Cloud Service,True,Manual Input,False,Cloud Service,True,False
878,Cloud Service,True,Cloud Service,True,Cloud Service,True,False
879,Cloud Service,True,Cloud Service,True,Cloud Service,True,False
880,Cloud Service,True,Cloud Service,True,Cloud Service,True,False
881,Cloud Service,True,Cloud Service,True,Cloud Service,True,False
882,Cloud Service,True,Manual Input,False,Cloud Service,True,False
883,Cloud Service,True,Cloud Service,True,Cloud Service,True,False
884,Cloud Service,True,Manual Input,False,Cloud Service,True,False
885,Cloud Service,True,Manual Input,False,Cloud Service,True,False
886,Cloud Service,True,Manual Input,False,Cloud Service,True,False
887,Cloud Service,True,Manual Input,False,Cloud Service,True,False
888,Cloud Service,True,Cloud Service,False,Cloud Service,True,False
889,Cloud Service,True,Manual Input,False,Cloud Service,True,False
890,Cloud Service,True,Manual Input,False,Cloud Service,True,False
891,Cloud Service,True,Cloud Service,True,Cloud Service,True,False
892,Cloud Service,True,Cloud Service,True,Cloud Service,True,False
893,Cloud Service,True,Manual Input,False,Cloud Service,True,False
894,Cloud Service,True,Manual Input,False,Cloud Service,True,False
895,Cloud Service,True,Cloud Service,True,Cloud Service,True,False
896,Cloud Service,True,Manual Input,False,Cloud Service,True,False
897,Cloud Service,True,Manual Input,False,Cloud Service,True,False
898,Cloud Service,True,Cloud Service,True,Cloud Service,True,False
899,Cloud Service,True,Cloud Service,True,Cloud Service,True,False
900,Cloud Service,True,Manual Input,False,Manual Input,False,True
901,Cloud Service,True,Cloud Service,True,Manual Input,False,False
902,Cloud Service,True,Cloud Service,True,Manual Input,False,False
903,Cloud Service,True,Cloud Service,True,Manual Input,False,False
904,Cloud Service,True,Cloud Service,True,Manual Input,False,False
905,Cloud Service,True,Cloud Service,True,Manual Input,False,False
906,Cloud Service,True,Manual Input,False,Manual Input,False,False
907,Cloud Service,True,Cloud Service,True,Manual Input,False,False
908,Cloud Service,True,Manual Input,False,Manual Input,False,False
909,Cloud Service,True,Manual Input,False,Manual Input,False,False
910,Cloud Service,True,Manual Input,False,Manual Input,False,False
911,Cloud Service,True,Cloud Service,True,Manual Input,False,False
912,Cloud Service,True,Manual Input,False,Manual Input,False,False
913,Cloud Service,True,Cloud Service,True,Manual Input,False,False
914,Cloud Service,True,Cloud Service,True,Manual Input,False,False
915,Cloud Service,True,Cloud Service,True,Manual Input,False,False
916,Cloud Service,True,Manual Input,False,Manual Input,False,False
917,Cloud Service,True,Manual Input,False,Manual Input,False,False
918,Cloud Service,True,Manual Input,False,Manual Input,False,False
919,Cloud Service,True,Manual Input,False,Manual Input,False,False
920,Cloud Service,True,Cloud Service,True,Manual Input,False,False
921,Cloud Service,True,Manual Input,False,Manual Input,False,False
922,Cloud Service,True,Cloud Service,True,Manual Input,False,False
923,Cloud Service,True,Cloud Service,True,Manual Input,False,False
924,Cloud Service,True,Manual Input,False,Manual Input,False,False
925,Cloud Service,True,Manual Input,False,Manual Input,False,True
926,Cloud Service,True,Cloud Service,True,Manual Input,False,False
927,Cloud Service,True,Cloud Service,True,Manual Input,False,False
928,Cloud Service,True,Cloud Service,True,Manual Input,False,False
929,Cloud Service,True,Cloud Service,True,Manual Input,False,False
930,Cloud Service,True,Cloud Service,True,Manual Input,False,False
931,Cloud Service,True,Manual Input,False,Manual Input,False,False
932,Cloud Service,True,Manual Input,False,Manual Input,False,False
933,Cloud Service,True,Manual Input,False,Manual Input,False,False
934,Cloud Service,True,Cloud Service,True,Manual Input,False,False
935,Cloud Service,True,Cloud Service,True,Manual Input,False,False
936,Cloud Service,True,Manual Input,False,Manual Input,False,False
937,Cloud Service,True,Manual Input,False,Manual Input,False,False
938,Cloud Service,True,Manual Input,False,Manual Input,False,False
939,Cloud Service,True,Manual Input,False,Manual Input,False,False
940,Cloud Service,True,Manual Input,False,Manual Input,False,False
941,Cloud Service,True,Cloud Service,True,Manual Input,False,False
942,Cloud Service,True,Cloud Service,True,Manual Input,False,False
943,Cloud Service,True,Manual Input,False,Manual Input,False,False
944,Cloud Service,True,Manual Input,False,Manual Input,False,False
945,Cloud Service,True,Cloud Service,True,Manual Input,False,False
946,Cloud Service,True,Cloud Service,True,Manual Input,False,False
947,Cloud Service,True,Cloud Service,True,Manual Input,False,False
948,Cloud Service,True,Cloud Service,False,Manual Input,False,False
949,Cloud Service,True,Cloud Service,True,Manual Input,False,False
950,Cloud Service,True,Manual Input,False,Manual Input,False,True
951,Cloud Service,True,Manual Input,False,Manual Input,False,False
952,Cloud Service,True,Cloud Service,True,Manual Input,False,False
953,Cloud Service,True,Manual Input,False,Manual Input,False,False
954,Cloud Service,True,Cloud Service,True,Manual Input,False,False
955,Cloud Service,True,Manual Input,False,Manual Input,False,False
956,Cloud Service,True,Manual Input,False,Manual Input,False,False
957,Cloud Service,True,Cloud Service,True,Manual Input,False,False
958,Cloud Service,True,Cloud Service,True,Manual Input,False,False
959,Cloud Service,True,Cloud Service,True,Manual Input,False,False
960,Cloud Service,True,Cloud Service,True,Manual Input,False,False
961,Cloud Service,True,Cloud Service,True,Manual Input,False,False
962,Cloud Service,True,Manual Input,False,Manual Input,False,False
963,Cloud Service,True,Manual Input,False,Manual Input,False,False
964,Cloud Service,True,Cloud Service,False,Manual Input,False,False
965,Cloud Service,True,Manual Input,False,Manual Input,False,False
966,Cloud Service,True,Cloud Service,True,Manual Input,False,False
967,Cloud Service,True,Manual Input,False,Manual Input,False,False
968,Cloud Service,True,Cloud Service,True,Manual Input,False,False
969,Cloud Service,True,Manual Input,False,Manual Input,False,False
970,Cloud Service,True,Manual Input,False,Manual Input,False,False
971,Cloud Service,True,Cloud Service,True,Manual Input,False,False
972,Cloud Service,True,Cloud Service,True,Manual Input,False,False
973,Cloud Service,True,Cloud Service,True,Manual Input,False,False
974,Cloud Service,True,Cloud Service,False,Manual Input,False,False
975,Cloud Service,True,Cloud Service,True,Cloud Service,True,True
976,Cloud Service,True,Cloud Service,True,Cloud Service,True,False
977,Cloud Service,True,Cloud Service,True,Cloud Service,True,False
978,Cloud Service,True,Cloud Service,True,Cloud Service,True,False
979,Cloud Service,True,Cloud Service,True,Cloud Service,True,False
980,Cloud Service,True,Cloud Service,True,Cloud Service,True,False
981,Cloud Service,True,Cloud Service,True,Cloud Service,True,False
982,Cloud Service,True,Manual Input,False,Cloud Service,True,False
983,Cloud Service,True,Manual Input,False,Cloud Service,True,False
984,Cloud Service,True,Manual Input,False,Cloud Service,True,False
985,Cloud Service,True,Cloud Service,False,Cloud Service,True,False
986,Cloud Service,True,Cloud Service,True,Cloud Service,True,False
987,Cloud Service,True,Cloud Service,True,Cloud Service,True,False
988,Cloud Service,True,Manual Input,False,Cloud Service,True,False
989,Cloud Service,True,Cloud Service,True,Cloud Service,True,False
990,Cloud Service,True,Cloud Service,True,Cloud Service,True,False
991,Cloud Service,True,Cloud Service,True,Cloud Service,True,False
992,Cloud Service,True,Manual Input,False,Cloud Service,True,False
993,Cloud Service,True,Cloud Service,True,Cloud Service,True,False
994,Cloud Service,True,Cloud Service,True,Cloud Service,True,False
995,Cloud Service,True,Cloud Service,True,Cloud Service,True,False
996,Cloud Service,True,Manual Input,False,Cloud Service,True,False
997,Cloud Service,True,Manual Input,False,Cloud Service,True,False
998,Cloud Service,True,Cloud Service,True,Cloud Service,True,False
999,Cloud Service,True,Manual Input,False,Cloud Service,True,False
1000,Cloud Service,True,Manual Input,False,Manual Input,False,True
1001,Cloud Service,True,Manual Input,False,Manual Input,False,False
1002,Cloud Service,True,Cloud Service,True,Manual Input,False,False
1003,Cloud Service,True,Manual Input,False,Manual Input,False,False
1004,Cloud Service,True,Cloud Service,True,Manual Input,False,False
1005,Cloud Service,True,Cloud Service,True,Manual Input,False,False
1006,Cloud Service,True,Cloud Service,True,Manual Input,False,False
1007,Cloud Service,True,Manual Input,False,Manual Input,False,False
1008,Cloud Service,True,Manual Input,False,Manual Input,False,False
1009,Cloud Service,True,Cloud Service,True,Manual Input,False,False
1010,Cloud Service,True,Manual Input,False,Manual Input,False,False
1011,Cloud Service,True,Manual Input,False,Manual Input,False,False
1012,Cloud Service,True,Manual Input,False,Manual Input,False,False
1013,Cloud Service,True,Manual Input,False,Manual Input,False,False
1014,Cloud Service,True,Manual Input,False,Manual Input,False,False
1015,Cloud Service,True,Cloud Service,True,Manual Input,False,False
1016,Cloud Service,True,Manual Input,False,Manual Input,False,False
1017,Cloud Service,True,Manual Input,False,Manual Input,False,False
1018,Cloud Service,True,Cloud Service,True,Manual Input,False,False
1019,Cloud Service,True,Manual Input,False,Manual Input,False,False
1020,Cloud Service,True,Manual Input,False,Manual Input,False,False
1021,Cloud Service,True,Cloud Service,True,Manual Input,False,False
1022,Cloud Service,True,Manual Input,False,Manual Input,False,False
1023,Cloud Service,True,Cloud Service,True,Manual Input,False,False
1024,Cloud Service,True,Cloud Service,True,Manual Input,False,False
1025,Cloud Service,True,Cloud Service,True,Cloud Service,True,True
1026,Cloud Service,True,Cloud Service,True,Cloud Service,True,False
1027,Cloud Service,True,Cloud Service,True,Cloud Service,True,False
1028,Cloud Service,True,Cloud Service,True,Cloud Service,True,False
1029,Cloud Service,True,Cloud Service,True,Cloud Service,True,False
1030,Cloud Service,True,Cloud Service,True,Cloud Service,True,False
1031,Cloud Service,True,Cloud Service,True,Cloud Service,True,False
1032,Cloud Service,True,Manual Input,False,Cloud Service,True,False
1033,Cloud Service,True,Manual Input,False,Cloud Service,True,False
1034,Cloud Service,True,Cloud Service,True,Cloud Service,True,False
1035,Cloud Service,True,Manual Input,False,Cloud Service,True,False
1036,Cloud Service,True,Manual Input,False,Cloud Service,True,False
1037,Cloud Service,True,Cloud Service,True,Cloud Service,True,False
1038,Cloud Service,True,Manual Input,False,Cloud Service,True,False
1039,Cloud Service,True,Cloud Service,True,Cloud Service,True,False
1040,Cloud Service,True,Manual Input,False,Cloud Service,True,False
1041,Cloud Service,True,Cloud Service,True,Cloud Service,True,False
1042,Cloud Service,True,Cloud Service,True,Cloud Service,True,False
1043,Cloud Service,True,Manual Input,False,Cloud Service,True,False
1044,Cloud Service,True,Manual Input,False,Cloud Service,True,False
1045,Cloud Service,True,Cloud Service,False,Cloud Service,True,False
1046,Cloud Service,True,Manual Input,False,Cloud Service,True,False
1047,Cloud Service,True,Manual Input,False,Cloud Service,True,False
1048,Cloud Service,True,Cloud Service,True,Cloud Service,True,False
1049,Cloud Service,True,Cloud Service,True,Cloud Service,True,False
1050,Cloud Service,True,Cloud Service,True,Cloud Service,True,True
1051,Cloud Service,True,Manual Input,False,Cloud Service,True,False
1052,Cloud Service,True,Manual Input,False,Cloud Service,True,False
1053,Cloud Service,True,Cloud Service,True,Cloud Service,True,False
1054,Cloud Service,True,Cloud Service,True,Cloud Service,True,False
1055,Cloud Service,True,Cloud Service,True,Cloud Service,True,False
1056,Cloud Service,True,Cloud Service,True,Cloud Service,True,False
1057,Cloud Service,True,Manual Input,False,Cloud Service,True,False
1058,Cloud Service,True,Manual Input,False,Cloud Service,True,False
1059,Cloud Service,True,Manual Input,False,Cloud Service,True,False
1060,Cloud Service,True,Cloud Service,True,Cloud Service,True,False
1061,Cloud Service,True,Manual Input,False,Cloud Service,True,False
1062,Cloud Service,True,Cloud Service,True,Cloud Service,True,False
1063,Cloud Service,True,Manual Input,False,Cloud Service,True,False
1064,Cloud Service,True,Cloud Service,True,Cloud Service,True,False
1065,Cloud Service,True,Cloud Service,True,Cloud Service,True,False
1066,Cloud Service,True,Manual Input,False,Cloud Service,True,False
1067,Cloud Service,True,Cloud Service,True,Cloud Service,True,False
1068,Cloud Service,True,Cloud Service,True,Cloud Service,True,False
1069,Cloud Service,True,Cloud Service,True,Cloud Service,True,False
1070,Cloud Service,True,Manual Input,False,Cloud Service,True,False
1071,Cloud Service,True,Manual Input,False,Cloud Service,True,False
1072,Cloud Service,True,Cloud Service,True,Cloud Service,True,False
1073,Cloud Service,True,Manual Input,False,Cloud Service,True,False
1074,Cloud Service,True,Manual Input,False,Cloud Service,True,False
1075,Cloud Service,True,Manual Input,False,Manual Input,False,True
1076,Cloud Service,True,Cloud Service,True,Manual Input,False,False
1077,Cloud Service,True,Cloud Service,True,Manual Input,False,False
1078,Cloud Service,True,Manual Input,False,Manual Input,False,False
1079,Cloud Service,True,Cloud Service,True,Manual Input,False,False
1080,Cloud Service,True,Manual Input,False,Manual Input,False,False
1081,Cloud Service,True,Cloud Service,True,Manual Input,False,False
1082,Cloud Service,True,Manual Input,False,Manual Input,False,False
1083,Cloud Service,True,Cloud Service,True,Manual Input,False,False
1084,Cloud Service,True,Manual Input,False,Manual Input,False,False
1085,Cloud Service,True,Manual Input,False,Manual Input,False,False
1086,Cloud Service,True,Cloud Service,True,Manual Input,False,False
1087,Cloud Service,True,Cloud Service,True,Manual Input,False,False
1088,Cloud Service,True,Cloud Service,True,Manual Input,False,False
1089,Cloud Service,True,Manual Input,False,Manual Input,False,False
1090,Cloud Service,True,Cloud Service,True,Manual Input,False,False
1091,Cloud Service,True,Manual Input,False,Manual Input,False,False
1092,Cloud Service,True,Manual Input,False,Manual Input,False,False
1093,Cloud Service,True,Cloud Service,True,Manual Input,False,False
1094,Cloud Service,True,Cloud Service,True,Manual Input,False,False
1095,Cloud Service,True,Manual Input,False,Manual Input,False,False
1096,Cloud Service,True,Manual Input,False,Manual Input,False,False
1097,Cloud Service,True,Manual Input,False,Manual Input,False,False
1098,Cloud Service,True,Manual Input,False,Manual Input,False,False
1099,Cloud Service,True,Manual Input,False,Manual Input,False,False
1100,Cloud Service,True,Manual Input,False,Manual Input,False,True
1101,Cloud Service,True,Cloud Service,True,Manual Input,False,False
1102,Cloud Service,True,Cloud Service,True,Manual Input,False,False
1103,Cloud Service,True,Manual Input,False,Manual Input,False,False
1104,Cloud Service,True,Manual Input,False,Manual Input,False,False
1105,Cloud Service,True,Manual Input,False,Manual Input,False,False
1106,Cloud Service,True,Cloud Service,True,Manual Input,False,False
1107,Cloud Service,True,Cloud Service,False,Manual Input,False,False
1108,Cloud Service,True,Cloud Service,True,Manual Input,False,False
1109,Cloud Service,True,Manual Input,False,Manual Input,False,False
1110,Cloud Service,True,Manual Input,False,Manual Input,False,False
1111,Cloud Service,True,Cloud Service,True,Manual Input,False,False
1112,Cloud Service,True,Manual Input,False,Manual Input,False,False
1113,Cloud Service,True,Manual Input,False,Manual Input,False,False
1114,Cloud Service,True,Cloud Service,True,Manual Input,False,False
1115,Cloud Service,True,Cloud Service,True,Manual Input,False,False
1116,Cloud Service,True,Cloud Service,True,Manual Input,False,False
1117,Cloud Service,True,Manual Input,False,Manual Input,False,False
1118,Cloud Service,True,Cloud Service,True,Manual Input,False,False
1119,Cloud Service,True,Manual Input,False,Manual Input,False,False
1120,Cloud Service,True,Cloud Service,True,Manual Input,False,False
1121,Cloud Service,True,Cloud Service,True,Manual Input,False,False
1122,Cloud Service,True,Manual Input,False,Manual Input,False,False
1123,Cloud Service,True,Cloud Service,True,Manual Input,False,False
1124,Cloud Service,True,Cloud Service,True,Manual Input,False,False
1125,Cloud Service,True,Manual Input,False,Manual Input,False,True
1126,Cloud Service,True,Cloud Service,True,Manual Input,False,False
1127,Cloud Service,True,Cloud Service,True,Manual Input,False,False
1128,Cloud Service,True,Cloud Service,True,Manual Input,False,False
1129,Cloud Service,True,Cloud Service,True,Manual Input,False,False
1130,Cloud Service,True,Cloud Service,True,Manual Input,False,False
1131,Cloud Service,True,Manual Input,False,Manual Input,False,False
1132,Cloud Service,True,Cloud Service,True,Manual Input,False,False
1133,Cloud Service,True,Cloud Service,True,Manual Input,False,False
1134,Cloud Service,True,Manual Input,False,Manual Input,False,False
1135,Cloud Service,True,Manual Input,False,Manual Input,False,False
1136,Cloud Service,True,Cloud Service,True,Manual Input,False,False
1137,Cloud Service,True,Manual Input,False,Manual Input,False,False
1138,Cloud Service,True,Cloud Service,True,Manual Input,False,False
1139,Cloud Service,True,Cloud Service,True,Manual Input,False,False
1140,Cloud Service,True,Manual Input,False,Manual Input,False,False
1141,Cloud Service,True,Manual Input,False,Manual Input,False,False
1142,Cloud Service,True,Manual Input,False,Manual Input,False,False
1143,Cloud Service,True,Manual Input,False,Manual Input,False,False
1144,Cloud Service,True,Cloud Service,False,Manual Input,False,False
1145,Cloud Service,True,Manual Input,False,Manual Input,False,False
1146,Cloud Service,True,Cloud Service,True,Manual Input,False,False
1147,Cloud Service,True,Cloud Service,True,Manual Input,False,False
1148,Cloud Service,True,Cloud Service,True,Manual Input,False,False
1149,Cloud Service,True,Cloud Service,True,Manual Input,False,False
1150,Cloud Service,True,Cloud Service,True,Cloud Service,True,True
1151,Cloud Service,True,Cloud Service,False,Cloud Service,True,False
1152,Cloud Service,True,Cloud Service,True,Cloud Service,True,False
1153,Cloud Service,True,Cloud Service,True,Cloud Service,True,False
1154,Cloud Service,True,Manual Input,False,Cloud Service,True,False
1155,Cloud Service,True,Manual Input,False,Cloud Service,True,False
1156,Cloud Service,True,Cloud Service,False,Cloud Service,True,False
1157,Cloud Service,True,Manual Input,False,Cloud Service,True,False
1158,Cloud Service,True,Cloud Service,True,Cloud Service,True,False
1159,Cloud Service,True,Cloud Service,True,Cloud Service,True,False
1160,Cloud Service,True,Cloud Service,True,Cloud Service,True,False
1161,Cloud Service,True,Cloud Service,True,Cloud Service,True,False
1162,Cloud Service,True,Cloud Service,True,Cloud Service,True,False
1163,Cloud Service,True,Manual Input,False,Cloud Service,True,False
1164,Cloud Service,True,Manual Input,False,Cloud Service,True,False
1165,Cloud Service,True,Manual Input,False,Cloud Service,True,False
1166,Cloud Service,True,Manual Input,False,Cloud Service,True,False
1167,Cloud Service,True,Manual Input,False,Cloud Service,True,False
1168,Cloud Service,True,Cloud Service,True,Cloud Service,True,False
1169,Cloud Service,True,Cloud Service,True,Cloud Service,True,False
1170,Cloud Service,True,Manual Input,False,Cloud Service,True,False
1171,Cloud Service,True,Cloud Service,True,Cloud Service,True,False
1172,Cloud Service,True,Cloud Service,True,Cloud Service,True,False
1173,Cloud Service,True,Manual Input,False,Cloud Service,True,False
1174,Cloud Service,True,Cloud Service,True,Cloud Service,True,False
1175,Cloud Service,True,Manual Input,False,Manual Input,False,True
1176,Cloud Service,True,Cloud Service,True,Manual Input,False,False
1177,Cloud Service,True,Cloud Service,True,Manual Input,False,False
1178,Cloud Service,True,Cloud Service,True,Manual Input,False,False
1179,Cloud Service,True,Cloud Service,True,Manual Input,False,False
1180,Cloud Service,True,Cloud Service,True,Manual Input,False,False
1181,Cloud Service,True,Cloud Service,True,Manual Input,False,False
1182,Cloud Service,True,Cloud Service,True,Manual Input,False,False
1183,Cloud Service,True,Cloud Service,True,Manual Input,False,False
1184,Cloud Service,True,Cloud Service,False,Manual Input,False,False
1185,Cloud Service,True,Cloud Service,True,Manual Input,False,False
1186,Cloud Service,True,Manual Input,False,Manual Input,False,False
1187,Cloud Service,True,Cloud Service,True,Manual Input,False,False
1188,Cloud Service,True,Cloud Service,True,Manual Input,False,False
1189,Cloud Service,True,Cloud Service,True,Manual Input,False,False
1190,Cloud Service,True,Manual Input,False,Manual Input,False,False
1191,Cloud Service,True,Manual Input,False,Manual Input,False,False
1192,Cloud Service,True,Manual Input,False,Manual Input,False,False
1193,Cloud Service,True,Manual Input,False,Manual Input,False,False
1194,Cloud Service,True,Cloud Service,True,Manual Input,False,False
1195,Cloud Service,True,Manual Input,False,Manual Input,False,False
1196,Cloud Service,True,Cloud Service,False,Manual Input,False,False
1197,Cloud Service,True,Manual Input,False,Manual Input,False,False
1198,Cloud Service,True,Cloud Service,True,Manual Input,False,False
1199,Cloud Service,True,Cloud Service,True,Manual Input,False,False
