t,reliability,latency
0,0.95,1.2
1,0.9497,1.2015
2,0.9493999999999999,1.2029999999999998
3,0.9490999999999999,1.2045
4,0.9488,1.206
5,0.9485,1.2075
6,0.9481999999999999,1.2089999999999999
7,0.9479,1.2105
8,0.9476,1.212
9,0.9472999999999999,1.2135
10,0.947,1.2149999999999999
11,0.9467,1.2165
12,0.9463999999999999,1.218
13,0.9460999999999999,1.2195
14,0.9458,1.2209999999999999
15,0.9455,1.2225
16,0.9451999999999999,1.224
17,0.9449,1.2255
18,0.9446,1.2269999999999999
19,0.9442999999999999,1.2285
20,0.944,1.23
21,0.9437,1.2315
22,0.9433999999999999,1.2329999999999999
23,0.9430999999999999,1.2345
24,0.9428,1.236
25,0.9425,1.2375
26,0.9421999999999999,1.2389999999999999
27,0.9419,1.2405
28,0.9416,1.242
29,0.9412999999999999,1.2435
30,0.941,1.2449999999999999
31,0.9407,1.2465
32,0.9403999999999999,1.248
33,0.9400999999999999,1.2495
34,0.9398,1.251
35,0.9395,1.2525
36,0.9391999999999999,1.254
37,0.9389,1.2555
38,0.9386,1.257
39,0.9382999999999999,1.2585
40,0.938,1.26
41,0.9377,1.2614999999999998
42,0.9374,1.263
43,0.9370999999999999,1.2645
44,0.9368,1.266
45,0.9365,1.2675
46,0.9361999999999999,1.269
47,0.9359,1.2705
48,0.9356,1.272
49,0.9352999999999999,1.2734999999999999
50,0.9349999999999999,1.275
51,0.9347,1.2765
52,0.9344,1.278
53,0.9340999999999999,1.2794999999999999
54,0.9338,1.281
55,0.9335,1.2825
56,0.9331999999999999,1.284
57,0.9329,1.2854999999999999
58,0.9326,1.287
59,0.9322999999999999,1.2885
60,0.9319999999999999,1.29
61,0.9317,1.2914999999999999
62,0.9314,1.293
63,0.9310999999999999,1.2945
64,0.9308,1.296
65,0.9305,1.2974999999999999
66,0.9301999999999999,1.299
67,0.9299,1.3005
68,0.9296,1.302
69,0.9292999999999999,1.3034999999999999
70,0.9289999999999999,1.305
71,0.9287,1.3065
72,0.9284,1.308
73,0.9280999999999999,1.3094999999999999
74,0.9278,1.311
75,0.9275,1.3125
76,0.9271999999999999,1.314
77,0.9269,1.3155
78,0.9266,1.317
79,0.9262999999999999,1.3185
80,0.9259999999999999,1.3199999999999998
81,0.9257,1.3215
82,0.9254,1.323
83,0.9250999999999999,1.3245
84,0.9248,1.326
85,0.9245,1.3275
86,0.9241999999999999,1.329
87,0.9238999999999999,1.3305
88,0.9236,1.3319999999999999
89,0.9233,1.3335
90,0.9229999999999999,1.335
91,0.9227,1.3365
92,0.9224,1.338
93,0.9220999999999999,1.3395
94,0.9218,1.341
95,0.9215,1.3425
96,0.9211999999999999,1.3439999999999999
97,0.9208999999999999,1.3455
98,0.9206,1.347
99,0.9203,1.3485
100,0.9199999999999999,1.3499999999999999
101,0.9197,1.3515
102,0.9194,1.353
103,0.9190999999999999,1.3545
104,0.9188,1.3559999999999999
105,0.9185,1.3575
106,0.9181999999999999,1.359
107,0.9178999999999999,1.3605
108,0.9176,1.3619999999999999
109,0.9173,1.3635
110,0.9169999999999999,1.365
111,0.9167,1.3665
112,0.9164,1.3679999999999999
113,0.9160999999999999,1.3695
114,0.9158,1.371
115,0.9155,1.3725
116,0.9152,1.3739999999999999
117,0.9148999999999999,1.3755
118,0.9146,1.377
119,0.9143,1.3784999999999998
120,0.9139999999999999,1.38
121,0.9137,1.3815
122,0.9134,1.383
123,0.9130999999999999,1.3845
124,0.9128,1.386
125,0.9125,1.3875
126,0.9122,1.389
127,0.9118999999999999,1.3904999999999998
128,0.9116,1.392
129,0.9113,1.3935
130,0.9109999999999999,1.395
131,0.9107,1.3965
132,0.9104,1.398
133,0.9100999999999999,1.3995
134,0.9097999999999999,1.401
135,0.9095,1.4024999999999999
136,0.9092,1.404
137,0.9088999999999999,1.4055
138,0.9086,1.407
139,0.9083,1.4084999999999999
140,0.9079999999999999,1.41
141,0.9077,1.4115
142,0.9074,1.413
143,0.9071,1.4144999999999999
144,0.9067999999999999,1.416
145,0.9065,1.4175
146,0.9062,1.419
147,0.9058999999999999,1.4204999999999999
148,0.9056,1.422
149,0.9053,1.4235
150,0.9049999999999999,1.425
151,0.9047,1.4264999999999999
152,0.9044,1.428
153,0.9040999999999999,1.4295
154,0.9037999999999999,1.431
155,0.9035,1.4324999999999999
156,0.9032,1.434
157,0.9028999999999999,1.4355
158,0.9026,1.437
159,0.9023,1.4385
160,0.9019999999999999,1.44
161,0.9017,1.4415
162,0.9014,1.443
163,0.9011,1.4445
164,0.9007999999999999,1.446
165,0.9005,1.4475
166,0.9002,1.4489999999999998
167,0.8998999999999999,1.4505
168,0.8996,1.452
169,0.8993,1.4535
170,0.8989999999999999,1.455
171,0.8986999999999999,1.4565
172,0.8984,1.458
173,0.8981,1.4595
174,0.8977999999999999,1.4609999999999999
175,0.8975,1.4625
176,0.8972,1.464
177,0.8968999999999999,1.4655
178,0.8966,1.467
179,0.8963,1.4685
180,0.8959999999999999,1.47
181,0.8956999999999999,1.4715
182,0.8954,1.4729999999999999
183,0.8951,1.4745
184,0.8947999999999999,1.476
185,0.8945,1.4775
186,0.8942,1.479
187,0.8938999999999999,1.4805
188,0.8936,1.482
189,0.8933,1.4835
190,0.893,1.4849999999999999
191,0.8926999999999999,1.4865
192,0.8924,1.488
193,0.8921,1.4895
194,0.8917999999999999,1.4909999999999999
195,0.8915,1.4925
196,0.8912,1.494
197,0.8908999999999999,1.4954999999999998
198,0.8906,1.4969999999999999
199,0.8903,1.4985
200,0.8899999999999999,1.5
201,0.8896999999999999,1.5015
202,0.8894,1.503
203,0.8891,1.5045
204,0.8887999999999999,1.506
205,0.8885,1.5074999999999998
206,0.8882,1.509
207,0.8878999999999999,1.5105
208,0.8876,1.512
209,0.8873,1.5135
210,0.887,1.515
211,0.8866999999999999,1.5165
212,0.8864,1.518
213,0.8861,1.5194999999999999
214,0.8857999999999999,1.521
215,0.8855,1.5225
216,0.8852,1.524
217,0.8849,1.5255
218,0.8845999999999999,1.527
219,0.8843,1.5285
220,0.884,1.53
221,0.8836999999999999,1.5314999999999999
222,0.8834,1.533
223,0.8831,1.5345
224,0.8827999999999999,1.536
225,0.8825,1.5375
226,0.8822,1.539
227,0.8818999999999999,1.5405
228,0.8815999999999999,1.542
229,0.8813,1.5434999999999999
230,0.881,1.545
231,0.8806999999999999,1.5465
232,0.8804,1.548
233,0.8801,1.5495
234,0.8797999999999999,1.551
235,0.8795,1.5525
236,0.8792,1.5539999999999998
237,0.8789,1.5554999999999999
238,0.8785999999999999,1.557
239,0.8783,1.5585
240,0.878,1.56
241,0.8776999999999999,1.5614999999999999
242,0.8774,1.563
243,0.8771,1.5645
244,0.8768,1.5659999999999998
245,0.8765,1.5675
246,0.8762,1.569
247,0.8758999999999999,1.5705
248,0.8755999999999999,1.572
249,0.8753,1.5735
250,0.875,1.575
251,0.8746999999999999,1.5765
252,0.8744,1.5779999999999998
253,0.8741,1.5795
254,0.8737999999999999,1.581
255,0.8734999999999999,1.5825
256,0.8732,1.584
257,0.8729,1.5855
258,0.8725999999999999,1.587
259,0.8723,1.5885
260,0.872,1.5899999999999999
261,0.8716999999999999,1.5915
262,0.8714,1.593
263,0.8711,1.5945
264,0.8708,1.596
265,0.8704999999999999,1.5975
266,0.8702,1.599
267,0.8699,1.6005
268,0.8695999999999999,1.6019999999999999
269,0.8693,1.6035
270,0.869,1.605
271,0.8686999999999999,1.6065
272,0.8684,1.608
273,0.8681,1.6095
274,0.8677999999999999,1.611
275,0.8674999999999999,1.6125
276,0.8672,1.6139999999999999
277,0.8669,1.6155
278,0.8665999999999999,1.617
279,0.8663,1.6185
280,0.866,1.6199999999999999
281,0.8656999999999999,1.6215
282,0.8654,1.623
283,0.8651,1.6244999999999998
284,0.8648,1.626
285,0.8644999999999999,1.6275
286,0.8642,1.629
287,0.8639,1.6305
288,0.8635999999999999,1.632
289,0.8633,1.6335
290,0.863,1.635
291,0.8627,1.6364999999999998
292,0.8623999999999999,1.638
293,0.8621,1.6395
294,0.8618,1.641
295,0.8614999999999999,1.6425
296,0.8612,1.644
297,0.8609,1.6455
298,0.8605999999999999,1.647
299,0.8603,1.6484999999999999
300,0.86,1.65
301,0.8596999999999999,1.6515
302,0.8593999999999999,1.653
303,0.8591,1.6545
304,0.8588,1.656
305,0.8584999999999999,1.6575
306,0.8582,1.659
307,0.8579,1.6604999999999999
308,0.8575999999999999,1.662
309,0.8573,1.6635
310,0.857,1.665
311,0.8567,1.6665
312,0.8563999999999999,1.668
313,0.8561,1.6695
314,0.8558,1.671
315,0.8554999999999999,1.6724999999999999
316,0.8552,1.674
317,0.8549,1.6755
318,0.8546,1.677
319,0.8543,1.6785
320,0.854,1.68
321,0.8536999999999999,1.6815
322,0.8533999999999999,1.6829999999999998
323,0.8531,1.6844999999999999
324,0.8528,1.686
325,0.8524999999999999,1.6875
326,0.8522,1.689
327,0.8519,1.6905
328,0.8515999999999999,1.692
329,0.8513,1.6935
330,0.851,1.6949999999999998
331,0.8507,1.6965
332,0.8503999999999999,1.698
333,0.8501,1.6995
334,0.8498,1.701
335,0.8494999999999999,1.7025000000000001
336,0.8492,1.704
337,0.8489,1.7055
338,0.8486,1.7069999999999999
339,0.8482999999999999,1.7085
340,0.848,1.71
341,0.8477,1.7115
342,0.8473999999999999,1.713
343,0.8471,1.7145
344,0.8468,1.716
345,0.8464999999999999,1.7174999999999998
346,0.8462,1.7189999999999999
347,0.8459,1.7205
348,0.8455999999999999,1.722
349,0.8452999999999999,1.7235
350,0.845,1.725
351,0.8447,1.7265
352,0.8443999999999999,1.728
353,0.8441,1.7294999999999998
354,0.8438,1.7309999999999999
355,0.8434999999999999,1.7325
356,0.8432,1.734
357,0.8429,1.7355
358,0.8426,1.737
359,0.8422999999999999,1.7385
360,0.842,1.74
361,0.8417,1.7414999999999998
362,0.8413999999999999,1.7429999999999999
363,0.8411,1.7445
364,0.8408,1.746
365,0.8405,1.7475
366,0.8402,1.749
367,0.8399,1.7505
368,0.8396,1.752
369,0.8392999999999999,1.7534999999999998
370,0.839,1.755
371,0.8387,1.7565
372,0.8383999999999999,1.758
373,0.8381,1.7595
374,0.8378,1.7610000000000001
375,0.8374999999999999,1.7625
376,0.8371999999999999,1.764
377,0.8369,1.7654999999999998
378,0.8366,1.767
379,0.8362999999999999,1.7685
380,0.836,1.77
381,0.8357,1.7715
382,0.8353999999999999,1.7730000000000001
383,0.8351,1.7745
384,0.8348,1.776
385,0.8345,1.7774999999999999
386,0.8341999999999999,1.779
387,0.8339,1.7805
388,0.8336,1.782
389,0.8332999999999999,1.7835
390,0.833,1.785
391,0.8327,1.7865
392,0.8323999999999999,1.7879999999999998
393,0.8321,1.7894999999999999
394,0.8318,1.791
395,0.8314999999999999,1.7925
396,0.8311999999999999,1.794
397,0.8309,1.7955
398,0.8306,1.797
399,0.8302999999999999,1.7985
400,0.83,1.7999999999999998
401,0.8297,1.8014999999999999
402,0.8293999999999999,1.803
403,0.8291,1.8045
404,0.8288,1.806
405,0.8285,1.8075
406,0.8281999999999999,1.809
407,0.8279,1.8105
408,0.8276,1.8119999999999998
409,0.8272999999999999,1.8135
410,0.827,1.815
411,0.8267,1.8165
412,0.8264,1.818
413,0.8261,1.8195000000000001
414,0.8258,1.821
415,0.8255,1.8225
416,0.8251999999999999,1.8239999999999998
417,0.8249,1.8255
418,0.8246,1.827
419,0.8243,1.8285
420,0.824,1.83
421,0.8237,1.8315000000000001
422,0.8233999999999999,1.833
423,0.8230999999999999,1.8345
424,0.8228,1.8359999999999999
425,0.8225,1.8375
426,0.8221999999999999,1.839
427,0.8219,1.8405
428,0.8216,1.842
429,0.8212999999999999,1.8435
430,0.821,1.845
431,0.8207,1.8464999999999998
432,0.8204,1.8479999999999999
433,0.8200999999999999,1.8495
434,0.8198,1.851
435,0.8195,1.8525
436,0.8191999999999999,1.854
437,0.8189,1.8555
438,0.8186,1.857
439,0.8183,1.8584999999999998
440,0.818,1.8599999999999999
441,0.8177,1.8615
442,0.8173999999999999,1.863
443,0.8170999999999999,1.8645
444,0.8168,1.866
445,0.8165,1.8675
446,0.8162,1.869
447,0.8159,1.8704999999999998
448,0.8156,1.8719999999999999
449,0.8152999999999999,1.8735
450,0.815,1.875
451,0.8147,1.8765
452,0.8144,1.8780000000000001
453,0.8140999999999999,1.8795
454,0.8138,1.881
455,0.8135,1.8824999999999998
456,0.8131999999999999,1.884
457,0.8129,1.8855
458,0.8126,1.887
459,0.8123,1.8885
460,0.8119999999999999,1.8900000000000001
461,0.8117,1.8915
462,0.8113999999999999,1.893
463,0.8110999999999999,1.8944999999999999
464,0.8108,1.896
465,0.8105,1.8975
466,0.8102,1.899
467,0.8099,1.9005
468,0.8096,1.9020000000000001
469,0.8092999999999999,1.9035
470,0.8089999999999999,1.9049999999999998
471,0.8087,1.9064999999999999
472,0.8084,1.908
473,0.8080999999999999,1.9095
474,0.8078,1.911
475,0.8075,1.9125
476,0.8071999999999999,1.914
477,0.8069,1.9155
478,0.8066,1.9169999999999998
479,0.8063,1.9184999999999999
480,0.8059999999999999,1.92
481,0.8057,1.9215
482,0.8054,1.923
483,0.8050999999999999,1.9245
484,0.8048,1.926
485,0.8045,1.9275
486,0.8042,1.9289999999999998
487,0.8039,1.9304999999999999
488,0.8036,1.932
489,0.8032999999999999,1.9335
490,0.8029999999999999,1.935
491,0.8027,1.9365
492,0.8024,1.938
493,0.8021,1.9395
494,0.8018,1.9409999999999998
495,0.8015,1.9425
496,0.8011999999999999,1.944
497,0.8009,1.9455
498,0.8006,1.947
499,0.8003,1.9485000000000001
500,0.7999999999999999,1.95
501,0.7997,1.9515
502,0.7994,1.9529999999999998
503,0.7990999999999999,1.9545
504,0.7988,1.956
505,0.7985,1.9575
506,0.7982,1.959
507,0.7978999999999999,1.9605000000000001
508,0.7976,1.962
509,0.7973,1.9635
510,0.7969999999999999,1.9649999999999999
511,0.7967,1.9665
512,0.7964,1.968
513,0.7961,1.9695
514,0.7958,1.971
515,0.7955,1.9725
516,0.7951999999999999,1.974
517,0.7948999999999999,1.9754999999999998
518,0.7946,1.9769999999999999
519,0.7943,1.9785
520,0.7939999999999999,1.98
521,0.7937,1.9815
522,0.7934,1.983
523,0.7930999999999999,1.9845
524,0.7928,1.986
525,0.7925,1.9874999999999998
526,0.7922,1.9889999999999999
527,0.7918999999999999,1.9905
528,0.7916,1.992
529,0.7913,1.9935
530,0.7909999999999999,1.995
531,0.7907,1.9965
532,0.7904,1.998
533,0.7901,1.9994999999999998
534,0.7898,2.001
535,0.7895,2.0025
536,0.7891999999999999,2.004
537,0.7888999999999999,2.0055
538,0.7886,2.007
539,0.7883,2.0084999999999997
540,0.788,2.01
541,0.7877,2.0115
542,0.7874,2.013
543,0.7870999999999999,2.0145
544,0.7867999999999999,2.016
545,0.7865,2.0175
546,0.7862,2.019
547,0.7858999999999999,2.0205
548,0.7856,2.0220000000000002
549,0.7853,2.0235
550,0.7849999999999999,2.025
551,0.7847,2.0265
552,0.7844,2.028
553,0.7841,2.0295
554,0.7837999999999999,2.031
555,0.7835,2.0324999999999998
556,0.7832,2.034
557,0.7828999999999999,2.0355
558,0.7826,2.037
559,0.7823,2.0385
560,0.782,2.04
561,0.7817,2.0415
562,0.7814,2.043
563,0.7810999999999999,2.0445
564,0.7807999999999999,2.046
565,0.7805,2.0475
566,0.7802,2.049
567,0.7799,2.0505
568,0.7796,2.052
569,0.7793,2.0535
570,0.7789999999999999,2.0549999999999997
571,0.7787,2.0564999999999998
572,0.7784,2.058
573,0.7781,2.0595
574,0.7777999999999999,2.061
575,0.7775,2.0625
576,0.7772,2.064
577,0.7768999999999999,2.0655
578,0.7766,2.067
579,0.7763,2.0685000000000002
580,0.776,2.07
581,0.7757,2.0715
582,0.7754,2.073
583,0.7751,2.0745
584,0.7747999999999999,2.076
585,0.7745,2.0775
586,0.7742,2.0789999999999997
587,0.7739,2.0805
588,0.7736,2.082
589,0.7733,2.0835
590,0.7729999999999999,2.085
591,0.7726999999999999,2.0865
592,0.7724,2.088
593,0.7721,2.0895
594,0.7717999999999999,2.091
595,0.7715,2.0925000000000002
596,0.7712,2.094
597,0.7708999999999999,2.0955
598,0.7706,2.097
599,0.7703,2.0985
600,0.77,2.1
601,0.7696999999999999,2.1014999999999997
602,0.7694,2.1029999999999998
603,0.7691,2.1045
604,0.7687999999999999,2.106
605,0.7685,2.1075
606,0.7682,2.109
607,0.7679,2.1105
608,0.7676,2.112
609,0.7673,2.1135
610,0.7669999999999999,2.115
611,0.7666999999999999,2.1165
612,0.7664,2.118
613,0.7661,2.1195
614,0.7658,2.121
615,0.7655,2.1225
616,0.7652,2.124
617,0.7648999999999999,2.1254999999999997
618,0.7646,2.127
619,0.7643,2.1285
620,0.764,2.13
621,0.7636999999999999,2.1315
622,0.7634,2.133
623,0.7631,2.1345
624,0.7627999999999999,2.136
625,0.7625,2.1375
626,0.7622,2.1390000000000002
627,0.7619,2.1405
628,0.7615999999999999,2.142
629,0.7613,2.1435
630,0.761,2.145
631,0.7606999999999999,2.1465
632,0.7604,2.148
633,0.7601,2.1494999999999997
634,0.7598,2.151
635,0.7595,2.1525
636,0.7592,2.154
637,0.7588999999999999,2.1555
638,0.7585999999999999,2.157
639,0.7583,2.1585
640,0.758,2.16
641,0.7577,2.1615
642,0.7574,2.163
643,0.7571,2.1645
644,0.7567999999999999,2.166
645,0.7565,2.1675
646,0.7562,2.169
647,0.7559,2.1705
648,0.7555999999999999,2.1719999999999997
649,0.7553,2.1734999999999998
650,0.755,2.175
651,0.7546999999999999,2.1765
652,0.7544,2.178
653,0.7541,2.1795
654,0.7538,2.181
655,0.7535,2.1825
656,0.7532,2.184
657,0.7529,2.1855
658,0.7525999999999999,2.187
659,0.7523,2.1885
660,0.752,2.19
661,0.7517,2.1915
662,0.7514,2.193
663,0.7511,2.1945
664,0.7507999999999999,2.1959999999999997
665,0.7505,2.1975
666,0.7502,2.199
667,0.7499,2.2005
668,0.7495999999999999,2.202
669,0.7493,2.2035
670,0.749,2.205
671,0.7486999999999999,2.2065
672,0.7484,2.208
673,0.7481,2.2095000000000002
674,0.7478,2.2110000000000003
675,0.7474999999999999,2.2125
676,0.7472,2.214
677,0.7469,2.2155
678,0.7465999999999999,2.217
679,0.7463,2.2184999999999997
680,0.746,2.2199999999999998
681,0.7457,2.2215
682,0.7454,2.223
683,0.7451,2.2245
684,0.7447999999999999,2.226
685,0.7444999999999999,2.2275
686,0.7442,2.229
687,0.7439,2.2305
688,0.7436,2.232
689,0.7433,2.2335000000000003
690,0.743,2.235
691,0.7426999999999999,2.2365
692,0.7424,2.238
693,0.7421,2.2395
694,0.7418,2.2409999999999997
695,0.7414999999999999,2.2424999999999997
696,0.7412,2.2439999999999998
697,0.7409,2.2455
698,0.7405999999999999,2.247
699,0.7403,2.2485
700,0.74,2.25
701,0.7397,2.2515
702,0.7394,2.253
703,0.7391,2.2545
704,0.7388,2.2560000000000002
705,0.7384999999999999,2.2575000000000003
706,0.7382,2.259
707,0.7379,2.2605
708,0.7376,2.262
709,0.7373,2.2635
710,0.737,2.2649999999999997
711,0.7366999999999999,2.2664999999999997
712,0.7363999999999999,2.268
713,0.7361,2.2695
714,0.7358,2.271
715,0.7355,2.2725
716,0.7352,2.274
717,0.7349,2.2755
718,0.7345999999999999,2.277
719,0.7343,2.2785
720,0.734,2.2800000000000002
721,0.7337,2.2815000000000003
722,0.7333999999999999,2.283
723,0.7331,2.2845
724,0.7328,2.286
725,0.7324999999999999,2.2875
726,0.7322,2.2889999999999997
727,0.7319,2.2904999999999998
728,0.7316,2.292
729,0.7313,2.2935
730,0.731,2.295
731,0.7307,2.2965
732,0.7303999999999999,2.298
733,0.7301,2.2995
734,0.7298,2.301
735,0.7295,2.3025
736,0.7292,2.3040000000000003
737,0.7289,2.3055
738,0.7285999999999999,2.307
739,0.7283,2.3085
740,0.728,2.31
741,0.7277,2.3114999999999997
742,0.7273999999999999,2.3129999999999997
743,0.7271,2.3145
744,0.7268,2.316
745,0.7264999999999999,2.3175
746,0.7262,2.319
747,0.7259,2.3205
748,0.7256,2.322
749,0.7253,2.3235
750,0.725,2.325
751,0.7247,2.3265000000000002
752,0.7243999999999999,2.3280000000000003
753,0.7241,2.3295
754,0.7238,2.331
755,0.7235,2.3325
756,0.7232,2.334
757,0.7229,2.3354999999999997
758,0.7225999999999999,2.3369999999999997
759,0.7222999999999999,2.3385
760,0.722,2.34
761,0.7217,2.3415
762,0.7214,2.343
763,0.7211,2.3445
764,0.7208,2.346
765,0.7204999999999999,2.3475
766,0.7202,2.349
767,0.7199,2.3505000000000003
768,0.7196,2.3520000000000003
769,0.7192999999999999,2.3535
770,0.719,2.355
771,0.7187,2.3565
772,0.7183999999999999,2.3579999999999997
773,0.7181,2.3594999999999997
774,0.7178,2.3609999999999998
775,0.7175,2.3625
776,0.7172,2.364
777,0.7169,2.3655
778,0.7166,2.367
779,0.7162999999999999,2.3685
780,0.716,2.37
781,0.7157,2.3715
782,0.7154,2.373
783,0.7151,2.3745000000000003
784,0.7148,2.376
785,0.7144999999999999,2.3775
786,0.7142,2.379
787,0.7139,2.3805
788,0.7136,2.3819999999999997
789,0.7133,2.3834999999999997
790,0.713,2.385
791,0.7127,2.3865
792,0.7123999999999999,2.388
793,0.7121,2.3895
794,0.7118,2.391
795,0.7115,2.3925
796,0.7111999999999999,2.394
797,0.7109,2.3955
798,0.7106,2.3970000000000002
799,0.7102999999999999,2.3985000000000003
800,0.71,2.4
801,0.7097,2.4015
802,0.7094,2.403
803,0.7091,2.4045
804,0.7088,2.4059999999999997
805,0.7084999999999999,2.4074999999999998
806,0.7081999999999999,2.409
807,0.7079,2.4105
808,0.7076,2.412
809,0.7073,2.4135
810,0.707,2.415
811,0.7067,2.4165
812,0.7063999999999999,2.418
813,0.7061,2.4195
814,0.7058,2.4210000000000003
815,0.7055,2.4225
816,0.7051999999999999,2.424
817,0.7049,2.4255
818,0.7046,2.427
819,0.7042999999999999,2.4284999999999997
820,0.704,2.4299999999999997
821,0.7037,2.4314999999999998
822,0.7034,2.433
823,0.7031,2.4345
824,0.7028,2.436
825,0.7025,2.4375
826,0.7021999999999999,2.439
827,0.7019,2.4405
828,0.7016,2.442
829,0.7013,2.4435000000000002
830,0.701,2.4450000000000003
831,0.7007,2.4465
832,0.7003999999999999,2.448
833,0.7001,2.4495
834,0.6998,2.451
835,0.6995,2.4524999999999997
836,0.6992,2.4539999999999997
837,0.6989,2.4555
838,0.6986,2.457
839,0.6982999999999999,2.4585
840,0.698,2.46
841,0.6977,2.4615
842,0.6974,2.463
843,0.6971,2.4645
844,0.6968,2.466
845,0.6964999999999999,2.4675000000000002
846,0.6961999999999999,2.4690000000000003
847,0.6959,2.4705
848,0.6956,2.472
849,0.6953,2.4735
850,0.695,2.475
851,0.6947,2.4764999999999997
852,0.6943999999999999,2.4779999999999998
853,0.6940999999999999,2.4795
854,0.6938,2.481
855,0.6935,2.4825
856,0.6932,2.484
857,0.6929,2.4855
858,0.6926,2.487
859,0.6922999999999999,2.4885
860,0.692,2.49
861,0.6917,2.4915000000000003
862,0.6914,2.493
863,0.6911,2.4945
864,0.6908,2.496
865,0.6905,2.4975
866,0.6901999999999999,2.4989999999999997
867,0.6899,2.5004999999999997
868,0.6896,2.502
869,0.6893,2.5035
870,0.6890000000000001,2.505
871,0.6887,2.5065
872,0.6883999999999999,2.508
873,0.6880999999999999,2.5095
874,0.6878,2.511
875,0.6875,2.5125
876,0.6872,2.5140000000000002
877,0.6869,2.5155000000000003
878,0.6866,2.517
879,0.6862999999999999,2.5185
880,0.6859999999999999,2.52
881,0.6857,2.5215
882,0.6854,2.5229999999999997
883,0.6851,2.5244999999999997
884,0.6848,2.526
885,0.6845,2.5275
886,0.6841999999999999,2.529
887,0.6839,2.5305
888,0.6836,2.532
889,0.6833,2.5335
890,0.683,2.535
891,0.6827,2.5365
892,0.6824,2.5380000000000003
893,0.6820999999999999,2.5395000000000003
894,0.6818,2.541
895,0.6815,2.5425
896,0.6812,2.544
897,0.6809000000000001,2.5454999999999997
898,0.6806,2.5469999999999997
899,0.6802999999999999,2.5484999999999998
900,0.6799999999999999,2.55
901,0.6797,2.5515
902,0.6794,2.553
903,0.6791,2.5545
904,0.6788,2.556
905,0.6785,2.5575
906,0.6781999999999999,2.559
907,0.6779,2.5605
908,0.6776,2.5620000000000003
909,0.6773,2.5635
910,0.677,2.565
911,0.6767,2.5665
912,0.6764,2.568
913,0.6760999999999999,2.5694999999999997
914,0.6758,2.5709999999999997
915,0.6755,2.5725
916,0.6752,2.574
917,0.6749,2.5755
918,0.6746,2.577
919,0.6742999999999999,2.5785
920,0.6739999999999999,2.58
921,0.6737,2.5815
922,0.6734,2.583
923,0.6731,2.5845000000000002
924,0.6728,2.5860000000000003
925,0.6725,2.5875
926,0.6721999999999999,2.589
927,0.6718999999999999,2.5905
928,0.6716,2.592
929,0.6713,2.5934999999999997
930,0.671,2.5949999999999998
931,0.6707,2.5965
932,0.6704,2.598
933,0.6700999999999999,2.5995
934,0.6698,2.601
935,0.6695,2.6025
936,0.6692,2.604
937,0.6689,2.6055
938,0.6686,2.607
939,0.6683,2.6085000000000003
940,0.6679999999999999,2.61
941,0.6677,2.6115
942,0.6674,2.613
943,0.6671,2.6145
944,0.6668000000000001,2.6159999999999997
945,0.6665,2.6174999999999997
946,0.6661999999999999,2.6189999999999998
947,0.6658999999999999,2.6205
948,0.6656,2.622
949,0.6653,2.6235
950,0.665,2.625
951,0.6647,2.6265
952,0.6644,2.628
953,0.6640999999999999,2.6295
954,0.6638,2.6310000000000002
955,0.6635,2.6325000000000003
956,0.6632,2.634
957,0.6629,2.6355
958,0.6626,2.637
959,0.6623,2.6385
960,0.6619999999999999,2.6399999999999997
961,0.6617,2.6414999999999997
962,0.6614,2.643
963,0.6611,2.6445
964,0.6608,2.646
965,0.6605,2.6475
966,0.6601999999999999,2.649
967,0.6598999999999999,2.6505
968,0.6596,2.652
969,0.6593,2.6535
970,0.659,2.6550000000000002
971,0.6587000000000001,2.6565000000000003
972,0.6584,2.658
973,0.6580999999999999,2.6595
974,0.6577999999999999,2.661
975,0.6575,2.6625
976,0.6572,2.6639999999999997
977,0.6569,2.6654999999999998
978,0.6566,2.667
979,0.6563,2.6685
980,0.6559999999999999,2.67
981,0.6557,2.6715
982,0.6554,2.673
983,0.6551,2.6745
984,0.6548,2.676
985,0.6545,2.6775
986,0.6542,2.6790000000000003
987,0.6538999999999999,2.6805
988,0.6536,2.682
989,0.6533,2.6835
990,0.653,2.685
991,0.6527000000000001,2.6864999999999997
992,0.6524,2.6879999999999997
993,0.6520999999999999,2.6895
994,0.6517999999999999,2.691
995,0.6515,2.6925
996,0.6512,2.694
997,0.6509,2.6955
998,0.6506,2.697
999,0.6503,2.6985
1000,0.6499999999999999,2.7
1001,0.6496999999999999,2.7015000000000002
1002,0.6494,2.7030000000000003
1003,0.6491,2.7045
1004,0.6488,2.706
1005,0.6485,2.7075
1006,0.6482,2.709
1007,0.6478999999999999,2.7104999999999997
1008,0.6476,2.7119999999999997
1009,0.6473,2.7135
1010,0.647,2.715
1011,0.6467,2.7165
1012,0.6464,2.718
1013,0.6461,2.7195
1014,0.6457999999999999,2.721
1015,0.6455,2.7225
1016,0.6452,2.724
1017,0.6449,2.7255000000000003
1018,0.6446000000000001,2.7270000000000003
1019,0.6443,2.7285
1020,0.6439999999999999,2.73
1021,0.6436999999999999,2.7315
1022,0.6434,2.733
1023,0.6431,2.7344999999999997
1024,0.6428,2.7359999999999998
1025,0.6425,2.7375
1026,0.6422,2.739
1027,0.6418999999999999,2.7405
1028,0.6416,2.742
1029,0.6413,2.7435
1030,0.641,2.745
1031,0.6407,2.7465
1032,0.6404,2.748
1033,0.6401,2.7495000000000003
1034,0.6397999999999999,2.751
1035,0.6395,2.7525
1036,0.6392,2.754
1037,0.6389,2.7555
1038,0.6386000000000001,2.7569999999999997
1039,0.6383,2.7584999999999997
1040,0.6379999999999999,2.76
1041,0.6376999999999999,2.7615
1042,0.6374,2.763
1043,0.6371,2.7645
1044,0.6368,2.766
1045,0.6365000000000001,2.7675
1046,0.6362,2.769
1047,0.6358999999999999,2.7705
1048,0.6355999999999999,2.7720000000000002
1049,0.6353,2.7735000000000003
1050,0.635,2.775
1051,0.6347,2.7765
1052,0.6344,2.778
1053,0.6341,2.7795
1054,0.6337999999999999,2.7809999999999997
1055,0.6335,2.7824999999999998
1056,0.6332,2.784
1057,0.6329,2.7855
1058,0.6326,2.787
1059,0.6323,2.7885
1060,0.632,2.79
1061,0.6316999999999999,2.7915
1062,0.6314,2.793
1063,0.6311,2.7945
1064,0.6308,2.7960000000000003
1065,0.6305000000000001,2.7975000000000003
1066,0.6302,2.799
1067,0.6298999999999999,2.8005
1068,0.6295999999999999,2.802
1069,0.6293,2.8034999999999997
1070,0.629,2.8049999999999997
1071,0.6287,2.8064999999999998
1072,0.6284,2.808
1073,0.6281,2.8095
1074,0.6277999999999999,2.811
1075,0.6275,2.8125
1076,0.6272,2.814
1077,0.6269,2.8155
1078,0.6266,2.817
1079,0.6263,2.8185000000000002
1080,0.626,2.8200000000000003
1081,0.6256999999999999,2.8215
1082,0.6254,2.823
1083,0.6251,2.8245
1084,0.6248,2.826
1085,0.6245,2.8274999999999997
1086,0.6242,2.8289999999999997
1087,0.6239,2.8305
1088,0.6235999999999999,2.832
1089,0.6233,2.8335
1090,0.623,2.835
1091,0.6227,2.8365
1092,0.6224000000000001,2.838
1093,0.6221,2.8395
1094,0.6217999999999999,2.841
1095,0.6214999999999999,2.8425000000000002
1096,0.6212,2.8440000000000003
1097,0.6209,2.8455
1098,0.6206,2.847
1099,0.6203,2.8485
1100,0.62,2.85
1101,0.6196999999999999,2.8514999999999997
1102,0.6194,2.8529999999999998
1103,0.6191,2.8545
1104,0.6188,2.856
1105,0.6185,2.8575
1106,0.6182,2.859
1107,0.6179,2.8605
1108,0.6175999999999999,2.862
1109,0.6173,2.8635
1110,0.617,2.865
1111,0.6167,2.8665000000000003
1112,0.6164000000000001,2.868
1113,0.6161,2.8695
1114,0.6157999999999999,2.871
1115,0.6154999999999999,2.8725
1116,0.6152,2.8739999999999997
1117,0.6149,2.8754999999999997
1118,0.6146,2.877
1119,0.6143000000000001,2.8785
1120,0.614,2.88
1121,0.6136999999999999,2.8815
1122,0.6134,2.883
1123,0.6131,2.8845
1124,0.6128,2.886
1125,0.6125,2.8875
1126,0.6122,2.8890000000000002
1127,0.6119,2.8905000000000003
1128,0.6115999999999999,2.892
1129,0.6113,2.8935
1130,0.611,2.895
1131,0.6107,2.8965
1132,0.6104,2.8979999999999997
1133,0.6101,2.8994999999999997
1134,0.6098,2.901
1135,0.6094999999999999,2.9025
1136,0.6092,2.904
1137,0.6089,2.9055
1138,0.6086,2.907
1139,0.6083000000000001,2.9085
1140,0.608,2.91
1141,0.6076999999999999,2.9115
1142,0.6073999999999999,2.9130000000000003
1143,0.6071,2.9145000000000003
1144,0.6068,2.916
1145,0.6065,2.9175
1146,0.6062,2.919
1147,0.6059,2.9205
1148,0.6055999999999999,2.9219999999999997
1149,0.6053,2.9234999999999998
1150,0.605,2.925
1151,0.6047,2.9265
1152,0.6044,2.928
1153,0.6041,2.9295
1154,0.6038,2.931
1155,0.6034999999999999,2.9325
1156,0.6032,2.934
1157,0.6029,2.9355
1158,0.6026,2.9370000000000003
1159,0.6023000000000001,2.9385
1160,0.602,2.94
1161,0.6017,2.9415
1162,0.6013999999999999,2.943
1163,0.6011,2.9444999999999997
1164,0.6008,2.9459999999999997
1165,0.6005,2.9475
1166,0.6002000000000001,2.949
1167,0.6,2.9505
1168,0.6,2.952
1169,0.6,2.9535
1170,0.6,2.955
1171,0.6,2.9565
1172,0.6,2.958
1173,0.6,2.9595000000000002
1174,0.6,2.9610000000000003
1175,0.6,2.9625
1176,0.6,2.964
1177,0.6,2.9655
1178,0.6,2.967
1179,0.6,2.9684999999999997
1180,0.6,2.9699999999999998
1181,0.6,2.9715
1182,0.6,2.973
1183,0.6,2.9745
1184,0.6,2.976
1185,0.6,2.9775
1186,0.6,2.979
1187,0.6,2.9805
1188,0.6,2.982
1189,0.6,2.9835000000000003
1190,0.6,2.9850000000000003
1191,0.6,2.9865
1192,0.6,2.988
1193,0.6,2.9895
1194,0.6,2.991
1195,0.6,2.9924999999999997
1196,0.6,2.9939999999999998
1197,0.6,2.9955
1198,0.6,2.997
1199,0.6,2.9985
